NOSE_x,NOSE_y,NOSE_score,LEFT_EYE_x,LEFT_EYE_y,LEFT_EYE_score,RIGHT_EYE_x,RIGHT_EYE_y,RIGHT_EYE_score,LEFT_EAR_x,LEFT_EAR_y,LEFT_EAR_score,RIGHT_EAR_x,RIGHT_EAR_y,RIGHT_EAR_score,LEFT_SHOULDER_x,LEFT_SHOULDER_y,LEFT_SHOULDER_score,RIGHT_SHOULDER_x,RIGHT_SHOULDER_y,RIGHT_SHOULDER_score,LEFT_ELBOW_x,LEFT_ELBOW_y,LEFT_ELBOW_score,RIGHT_ELBOW_x,RIGHT_ELBOW_y,RIGHT_ELBOW_score,LEFT_WRIST_x,LEFT_WRIST_y,LEFT_WRIST_score,RIGHT_WRIST_x,RIGHT_WRIST_y,RIGHT_WRIST_score,LEFT_HIP_x,LEFT_HIP_y,LEFT_HIP_score,RIGHT_HIP_x,RIGHT_HIP_y,RIGHT_HIP_score,LEFT_KNEE_x,LEFT_KNEE_y,LEFT_KNEE_score,RIGHT_KNEE_x,RIGHT_KNEE_y,RIGHT_KNEE_score,LEFT_ANKLE_x,LEFT_ANKLE_y,LEFT_ANKLE_score,RIGHT_ANKLE_x,RIGHT_ANKLE_y,RIGHT_ANKLE_score
1141.7458,374.68365,0.9448894,1147.0837,365.19128,0.90153277,1140.9028,360.51202,0.97722274,1115.696,346.1037,0.76435363,1114.1743,342.84235,0.9758022,1073.781,399.86505,0.8160957,1071.2485,401.64954,0.93223953,1078.0837,511.02985,0.75206536,1079.3257,512.3422,0.97342765,1105.3479,597.022,0.82710075,1119.4146,598.62177,0.9324349,1056.2761,587.72095,0.75382483,1056.6091,591.06195,0.83295953,1054.363,734.4748,0.8556314,1060.2278,738.6921,0.9049328,1040.9316,864.3566,0.9738157,1036.0955,873.5285,0.93774676
1142.698,376.39502,0.9472375,1148.5181,367.26923,0.907683,1142.0251,362.26196,0.9773947,1117.7771,347.341,0.7523209,1115.3376,343.3534,0.96946764,1074.7698,400.76288,0.80133307,1073.3035,402.7702,0.9286357,1077.7678,512.2862,0.7411672,1079.7009,513.665,0.9700181,1105.4485,598.34357,0.81604266,1118.4949,599.8279,0.93952584,1054.8406,586.6617,0.7686137,1055.4202,589.8265,0.84935164,1055.69,733.113,0.8478943,1061.5867,737.3354,0.9054491,1041.3479,863.5798,0.9714702,1036.0049,872.64984,0.92998815
1147.3584,380.691,0.9295906,1153.8474,372.03146,0.92888546,1147.4834,366.5341,0.94253975,1123.8689,350.99326,0.7456992,1120.5408,345.8348,0.97082484,1077.9478,402.90433,0.79744726,1076.8467,404.61374,0.9318453,1073.5889,514.3319,0.68532646,1080.4634,516.2787,0.9502986,1102.9395,601.2416,0.7628936,1115.8308,605.05615,0.9218098,1052.0024,587.897,0.76862013,1053.9338,590.8937,0.85627174,1057.333,734.3606,0.84982145,1062.2869,738.1682,0.9123945,1041.5181,863.8981,0.9483558,1036.1299,872.64514,0.9625662
1157.3477,391.59277,0.9422575,1163.9319,382.81293,0.93322796,1158.4993,377.70172,0.9722527,1133.2659,357.0688,0.7298025,1133.7319,355.92578,0.9321804,1081.322,405.53284,0.77126586,1085.3936,411.0063,0.9758442,1068.4724,513.5766,0.5404392,1078.5527,518.4158,1.003936,1097.0146,602.3587,0.61620855,1105.0408,611.0539,0.93771607,1042.9749,584.03424,0.72125983,1050.655,587.49164,0.85448647,1055.2207,732.6386,0.8532338,1065.6282,737.92145,0.9006748,1039.4233,863.7874,0.9624347,1038.3591,872.1713,0.964452
1159.07,397.7804,0.9707832,1166.0402,388.89624,0.9319427,1160.172,383.73608,0.99855113,1135.8522,360.985,0.691175,1135.8536,360.4773,0.9521425,1082.9801,407.1292,0.79154027,1088.8425,412.35107,0.95165503,1073.6868,516.52026,0.6493087,1078.0187,520.6666,0.988657,1095.1167,607.12146,0.66507447,1100.0377,613.63855,0.93073857,1041.1995,585.6105,0.7347703,1047.357,588.63806,0.82753813,1059.4197,734.34045,0.81243694,1066.5531,738.58325,0.89636695,1041.8931,864.234,0.9505862,1038.3091,873.1207,0.9473036
1167.8079,409.55743,0.9743108,1174.936,400.951,0.9431205,1170.8464,395.96735,0.99507546,1146.2576,371.17657,0.71453345,1148.511,372.13892,0.9880078,1088.074,411.14813,0.78371644,1095.9712,418.09747,0.9444563,1052.854,512.17365,0.5382099,1074.4888,521.5721,0.9846363,1082.4644,610.85077,0.6370919,1086.4011,615.87714,0.94894063,1036.0195,588.7908,0.72573036,1042.7739,591.8427,0.82320786,1060.9204,738.2485,0.7743521,1068.1062,741.8737,0.8726112,1042.356,865.5892,0.9817171,1038.7092,872.7033,0.93966454
1181.8798,431.80948,0.9503679,1189.9491,424.07657,0.9195279,1185.8225,417.7233,0.9519358,1163.885,392.67062,0.68942595,1165.5225,391.09195,0.94763565,1100.7389,425.82986,0.8076998,1107.2368,433.43875,0.9539863,1061.5602,525.9075,0.5571773,1066.1583,529.0936,0.96592134,1072.2905,609.9833,0.6613532,1056.9658,625.78784,0.95923847,1032.8131,595.2634,0.680087,1034.1167,597.9956,0.7961149,1071.5475,739.6874,0.7615969,1071.3071,741.99,0.86720836,1043.6268,865.3867,0.968955,1037.844,873.01953,0.9424244
1185.699,442.99814,0.96099734,1194.2765,435.45615,0.92083126,1191.1714,429.6011,0.98569185,1169.7596,401.24667,0.692828,1173.7365,402.3328,0.9696263,1102.9921,430.10318,0.798187,1112.0565,436.87424,0.95711154,1034.1622,520.4487,0.5566704,1063.5591,529.7101,0.9298196,1051.9216,610.65,0.43747365,1045.5396,623.9469,0.97382057,1025.7257,591.1553,0.6674961,1037.6216,597.80896,0.72938144,1068.7971,738.1937,0.7649808,1072.1724,741.83716,0.8399512,1043.409,865.0537,0.96678424,1037.9816,874.8622,0.9049698
1192.4471,467.01935,0.9353924,1201.1858,460.46753,0.9278158,1198.2139,454.45563,0.93672633,1179.3607,421.27997,0.6571373,1183.5889,425.6579,0.95770216,1112.2303,442.59912,0.79849845,1121.9023,453.9275,0.92619157,1029.2493,516.15674,0.74003446,1055.6178,534.251,0.9735949,986.76654,600.17163,0.836936,1019.3564,620.5526,0.9300729,1028.089,606.9041,0.58296204,1035.8083,614.236,0.739892,1070.299,745.52185,0.7657373,1069.5872,750.45154,0.82354146,1045.883,865.74866,0.990278,1036.8639,875.47644,0.9021075
1198.7007,508.06937,0.92913854,1207.8555,502.88492,0.9201077,1205.8694,496.7548,0.9263347,1193.5312,459.92886,0.66829574,1195.5708,466.4705,0.9608051,1123.2451,469.79825,0.7702286,1130.8083,484.98532,0.90462357,1026.7375,512.9739,0.79750574,1044.2656,535.19836,0.9121304,960.139,562.34424,0.94802463,978.4202,605.01086,0.83827627,1026.854,615.3884,0.62393653,1024.1365,620.04553,0.82375467,1081.3171,741.4801,0.82590413,1071.6272,747.35645,0.863488,1045.4797,866.24524,0.9596402,1037.294,875.0365,0.9059713
1201.5623,521.6769,0.92407787,1211.2727,516.9408,0.899878,1208.7305,509.85782,0.9756796,1197.0618,472.52188,0.62139475,1197.532,478.38162,0.9650425,1127.5885,479.22256,0.77738094,1135.0123,493.45132,0.8808784,1028.9581,512.2395,0.8325807,1041.7277,535.82935,0.90209115,956.8288,551.6112,0.94732445,966.70807,597.16187,0.88931465,1018.5441,615.0117,0.5875383,1019.22003,619.83655,0.76986355,1080.3694,742.5592,0.78789896,1073.7982,747.3071,0.8568877,1044.6226,866.448,0.954386,1036.9299,875.1089,0.91085684
1204.9117,551.4638,0.93808377,1213.5336,547.3637,0.89290184,1212.6938,541.4606,0.9397669,1200.7855,504.88934,0.5753405,1203.7313,513.18396,0.9301182,1130.4799,496.50067,0.7807649,1143.5153,516.0259,0.871826,1025.6522,508.97504,0.8027343,1042.5449,529.2834,0.871524,938.7834,530.7638,0.84052396,945.9572,570.5554,0.9237197,997.13934,602.72296,0.6388897,1014.31537,613.96497,0.7967431,1073.7594,738.5031,0.6436981,1078.8033,745.52313,0.87811106,1040.9792,866.3012,0.9025259,1039.0455,874.86163,0.9249089
1200.002,595.62305,0.9417785,1210.575,593.45984,0.8811887,1210.6467,586.64154,0.9552071,1203.9089,539.21906,0.60692704,1208.8718,557.95575,0.9390682,1140.6567,532.50836,0.7673877,1147.6099,550.38806,0.857454,1036.3284,503.81476,0.8444629,1044.6042,528.31824,0.7995156,958.55194,491.60687,0.855778,942.76337,524.2487,0.8867016,988.9399,603.84375,0.63707966,1003.7791,613.78564,0.78550667,1072.957,737.7047,0.7428161,1078.3284,743.1019,0.8663018,1043.3145,866.26807,0.88881207,1038.8027,875.15796,0.92057794
1198.5444,608.4642,0.9572288,1208.6548,606.6664,0.8953558,1207.6,599.98645,0.95874584,1199.5443,558.8832,0.6221229,1202.9113,571.9008,0.93771744,1144.7965,544.5939,0.7989287,1146.6976,563.7885,0.87137276,1048.555,502.41022,0.81080276,1051.253,526.5953,0.8545582,964.22473,477.86133,0.8220725,957.48474,513.0101,0.8693535,990.47046,607.8247,0.6370696,999.9148,617.119,0.79886967,1073.7526,735.6172,0.7063363,1078.9255,742.6327,0.8636795,1045.8737,865.0056,0.96056783,1037.6069,876.6466,0.9109328
1189.241,636.169,0.9515399,1198.8862,634.4235,0.8947437,1199.57,628.3139,0.9448756,1196.5897,586.25574,0.61277086,1198.0951,599.87555,0.93285894,1144.9291,564.90814,0.8057473,1145.1625,582.04816,0.8312779,1059.9725,504.9051,0.8450867,1056.0051,527.1871,0.82716227,983.3329,455.33203,0.8342875,960.3579,480.97528,0.8033209,991.5813,610.77936,0.6010908,997.3777,619.68146,0.79713285,1073.9596,737.54486,0.7835759,1078.2135,742.269,0.86630034,1045.5016,865.8903,0.9537735,1037.3324,876.3514,0.8927188
1179.4819,668.75214,0.96194553,1190.3767,667.6901,0.8685337,1190.5795,662.2096,0.962096,1189.5088,622.39154,0.6215921,1189.3796,633.2596,0.96177244,1143.9297,593.33014,0.7782891,1139.0679,607.1279,0.84874666,1082.8942,511.20282,0.88921607,1071.9585,526.6537,0.89957774,1031.317,444.30518,0.85881746,1002.7797,459.0874,0.9125468,992.40814,618.766,0.65207446,985.9262,624.1076,0.8194119,1080.4662,739.3006,0.79606944,1075.8765,744.2376,0.90037954,1045.7784,866.76495,0.9434101,1036.5435,874.9163,0.9456226
1171.7028,677.67236,0.9430969,1183.3359,678.2257,0.88178766,1183.3177,672.46796,0.97576463,1187.0443,627.5711,0.6769618,1185.7225,644.96655,0.9335438,1142.0072,601.21484,0.7522122,1134.437,612.672,0.8110276,1088.8074,512.8541,0.8567453,1078.722,528.9818,0.8731709,1045.1987,446.5522,0.9647506,1014.9163,455.7931,0.89840806,987.10236,618.7689,0.6313711,985.01215,625.8902,0.81360877,1071.9099,741.16565,0.7759312,1076.4294,746.13306,0.87676334,1045.122,865.83203,0.99533963,1037.0714,876.47925,0.9329419
1164.607,692.5242,0.9215741,1175.9014,692.9507,0.92936784,1176.2498,686.5553,0.9244895,1180.6722,648.0747,0.68426484,1177.8885,656.8131,0.9719295,1141.2544,616.77405,0.74010146,1128.8856,616.8081,0.74078083,1104.7784,517.20056,0.8622829,1085.7891,526.1666,0.92309326,1068.6086,439.90982,0.92727566,1041.5319,445.74442,0.89287853,989.2458,621.7478,0.6447381,980.1103,626.7355,0.83614725,1075.9808,743.2678,0.7672695,1075.5468,747.72046,0.87873113,1045.6908,866.621,1.0105174,1036.3844,876.5017,0.9501307
1151.7612,708.82996,0.9337544,1162.7424,709.92334,0.9153368,1163.2119,703.7423,0.9476099,1171.322,667.80334,0.66599417,1168.6394,673.4382,0.9456866,1136.45,626.6632,0.8119261,1128.4558,626.8873,0.82059073,1120.3479,523.6383,0.9597261,1101.8579,531.0548,0.93793464,1102.9602,447.81494,0.99715465,1076.6311,443.55945,0.9341297,977.00665,622.49725,0.6562529,977.0723,628.119,0.8164475,1067.8,746.2472,0.7924856,1076.1533,748.584,0.88335377,1044.7224,866.80835,0.990126,1037.553,876.0702,0.94278604
1141.7948,717.26794,0.93397164,1152.585,717.2007,0.90753466,1153.006,711.808,0.9902389,1160.3108,674.0061,0.7100867,1158.817,679.8777,1.0130968,1128.186,630.9403,0.62196505,1124.9297,627.078,0.8366958,1111.0869,527.17834,0.77752435,1099.4175,529.25073,0.9797206,1093.3036,455.43204,0.9722254,1079.5917,446.09647,0.8541659,964.4341,632.82117,0.66395277,966.14233,638.47986,0.83616805,1063.5533,745.3998,0.8739617,1076.9783,745.32263,0.900828,1043.315,866.3563,1.0061848,1039.6644,874.371,0.96504974
1143.1382,717.83044,0.9485849,1153.8533,717.379,0.92004395,1154.1042,712.0204,0.9650427,1159.7175,675.55676,0.7059498,1158.1018,680.3778,1.0035797,1130.0942,628.7484,0.6277814,1125.8821,629.0979,0.81053686,1113.5024,528.56006,0.8212955,1098.7913,530.2228,0.93748504,1095.5474,455.90366,0.9644835,1078.8442,446.62418,0.8597145,963.789,632.7357,0.6738263,965.8759,638.85315,0.8394155,1061.9219,744.3651,0.87066257,1075.8232,743.7988,0.88072115,1043.489,865.92883,1.0154355,1039.8721,874.34326,0.96040446
1144.0808,719.6852,0.9674656,1154.7349,718.7086,0.92523396,1154.7131,713.49097,0.994629,1158.9509,675.348,0.69367015,1157.1504,681.39624,1.0001159,1129.147,629.1201,0.6388413,1123.9829,628.89246,0.7719782,1113.9204,528.5571,0.89794195,1096.573,530.7407,0.9533157,1098.5737,456.10745,0.9817944,1076.2485,445.31143,0.8551123,963.5391,636.2002,0.6584153,962.96454,642.5867,0.8398031,1064.9583,743.4048,0.8494026,1075.3977,743.8502,0.88296837,1044.8252,865.7246,0.9936639,1039.3799,874.9066,0.9650591
1144.7603,721.6642,0.9479059,1155.3282,720.0741,0.89354,1154.6096,714.59375,0.98922825,1156.4464,675.99,0.7003415,1153.7924,681.8033,0.9703131,1125.869,635.81824,0.6333475,1119.882,630.3063,0.7613001,1112.7672,531.6853,0.96273756,1090.7292,532.43994,0.939741,1098.9979,457.78802,0.93048954,1072.3741,445.57605,0.89412344,964.6927,641.871,0.6407027,958.8173,646.6822,0.8029693,1069.5553,740.2833,0.84043324,1074.7638,742.8141,0.8857797,1044.3557,865.3729,0.995062,1039.2776,875.57764,0.93757445
1151.8926,724.3066,0.9136059,1162.224,721.2386,0.8968375,1160.3955,715.44525,0.96492696,1158.3588,678.48505,0.67527854,1154.474,682.8682,0.9492047,1125.0406,634.31104,0.6266018,1117.3131,633.535,0.72243565,1110.0902,535.49243,0.94037795,1085.407,537.02155,0.96322393,1095.3109,460.9145,0.96234083,1066.0588,449.8949,0.8780689,961.65094,646.27594,0.6413199,955.93805,652.4892,0.8671145,1071.152,739.1391,0.8460517,1074.62,741.9008,0.9105208,1043.1239,867.13116,0.9911545,1039.0228,876.10724,0.95194817
1161.7003,723.21277,0.9917402,1172.3904,719.44324,0.92628264,1169.6057,713.3839,0.940597,1163.419,680.2936,0.6284888,1159.8026,683.6173,0.9207492,1123.9988,636.76,0.6834891,1114.3762,638.80347,0.70980954,1104.1455,544.40283,0.986695,1077.5426,543.5803,0.96718013,1087.044,466.20322,0.9861241,1054.0726,456.65244,0.8720424,960.6187,653.25916,0.6325512,952.51654,660.70276,0.8602638,1074.38,737.1693,0.82319045,1074.1177,743.17786,0.93088406,1041.538,866.87415,0.9914942,1039.3208,876.3873,0.9478272
1174.2762,718.10474,0.9451095,1184.0145,712.0654,0.9078413,1181.6082,706.8236,0.9757128,1167.0966,673.8967,0.66124606,1166.1542,679.6854,0.9329115,1124.0825,641.02673,0.6915281,1117.5927,651.32776,0.80357957,1093.362,547.1189,0.90571576,1071.6154,554.8021,0.9339489,1068.6783,469.09335,0.9669503,1040.7723,461.63364,0.8973712,957.7197,659.1947,0.6102798,949.3137,670.7706,0.8351125,1080.5854,736.30347,0.84105766,1077.5011,746.22205,0.85700727,1042.2947,867.6155,0.9476272,1037.7404,878.6233,0.95683193
1185.6532,707.9177,0.92414474,1193.1367,699.95996,0.8919049,1190.2649,695.1384,0.97243786,1167.6492,663.6327,0.65308535,1169.6985,671.20667,0.9739705,1117.3164,636.614,0.75714934,1110.6805,648.8602,0.7550807,1075.1885,554.9133,0.9331734,1055.5104,559.1715,0.9274938,1040.3921,477.94583,0.9574563,1017.45996,475.25613,0.8429422,955.7374,670.422,0.64601636,948.6338,683.5498,0.8737345,1081.8527,738.0509,0.83981526,1081.4808,747.7117,0.8646593,1042.8942,867.72656,0.92703843,1038.1256,878.80493,0.92819834
1194.2566,689.3131,0.9543048,1199.9004,679.0969,0.8820009,1196.3657,675.78455,1.0185682,1167.3423,652.7693,0.6406956,1170.124,658.75476,0.950688,1117.256,640.7086,0.72819483,1110.092,645.849,0.8010168,1055.6764,561.7461,0.82500494,1038.6971,566.4342,0.88176495,1001.34717,487.3906,0.802994,992.1216,487.3358,0.7891754,960.6891,682.21094,0.60142505,950.6488,694.30493,0.84209406,1090.7909,738.51843,0.8664782,1083.5635,750.7468,0.9189681,1044.0846,867.34204,0.9363663,1038.6635,878.5094,0.9303404
1200.4834,661.73804,0.9392782,1203.6438,650.7909,0.8850055,1199.3174,649.0099,0.9879286,1166.2688,633.77734,0.65715504,1168.8616,639.10583,0.9479982,1113.4153,633.08704,0.71434915,1105.0657,640.1172,0.83067536,1036.2029,578.7588,0.7954997,1030.4746,582.0521,0.8059457,960.8046,514.4618,0.7459812,959.7192,516.59656,0.8384005,962.4476,693.1234,0.58695555,953.294,706.9059,0.81284976,1092.8191,743.89404,0.7854208,1094.0564,751.2499,0.8956728,1044.6448,867.7384,0.9538348,1041.1089,877.7622,0.9112077
1200.6887,625.1398,0.97829187,1202.0453,612.3658,0.86765695,1197.9086,611.03534,0.98151815,1160.9253,605.0596,0.7186835,1165.4524,608.4164,0.9833235,1108.4364,616.6803,0.7079861,1101.1393,627.81885,0.8136184,1016.2295,590.3165,0.78010345,1008.28784,600.75775,0.7459275,924.6654,561.12915,0.70976233,922.5884,566.0537,0.79849696,977.8612,699.75354,0.54774344,961.67566,713.2044,0.7873453,1103.3801,743.64355,0.77972686,1101.0709,756.47095,0.8802167,1044.6436,867.2698,0.9473546,1041.1403,879.2909,0.8952558
1188.2346,585.4889,0.9817901,1188.0304,574.4982,0.9666867,1181.9465,573.9934,0.99163854,1147.4795,573.51776,0.684164,1150.308,574.77625,0.9663761,1095.634,597.7766,0.7087407,1091.6084,615.31213,0.80748343,1000.30884,611.089,0.7815175,995.3889,621.84467,0.7422517,898.5432,623.4736,0.5997001,891.5161,629.60834,0.73013383,983.7302,702.24896,0.5409342,969.56995,715.6097,0.7683843,1109.628,745.127,0.84134287,1108.2284,759.6646,0.8095921,1047.1252,868.3001,0.95587146,1042.8391,877.2597,0.8709775
1168.6669,542.3325,0.9810618,1166.277,530.6162,0.9191817,1159.467,531.0664,0.9816516,1127.8624,539.28015,0.72901815,1129.3746,540.7219,0.9930546,1086.6473,581.90015,0.70802605,1077.25,591.31433,0.88296413,1000.97614,648.30566,0.2940979,993.27374,654.307,0.88905025,925.75323,696.9496,0.14867172,915.18195,711.13696,0.86337227,1001.0871,702.10657,0.6693569,978.5811,716.08057,0.7800746,1113.1589,752.943,0.76500374,1114.6559,759.92456,0.900324,1047.3857,866.85876,0.9616094,1043.2499,875.9093,0.9080064
1136.9469,497.2359,0.9645755,1131.1277,487.58698,0.9372176,1125.0599,489.46185,0.99496305,1096.5385,506.57904,0.6835989,1097.5468,507.76825,1.0129954,1068.6556,560.39294,0.7839984,1059.349,569.3284,0.8797556,1022.85657,665.65765,0.46133977,1020.7036,677.8808,0.8952911,1016.42676,755.81915,0.22812633,1010.12524,772.6619,0.92117834,989.8187,697.85846,0.62334734,977.32007,710.17633,0.82379526,1116.8037,751.38336,0.84244955,1118.6289,760.35443,0.9099176,1049.4818,867.752,0.9214314,1041.7712,875.2205,0.9135307
1096.3046,466.99945,0.99141866,1088.9734,457.5948,0.9173006,1082.7422,460.63324,0.9866107,1055.9247,481.62524,0.68161154,1057.3015,481.8711,0.9904869,1030.3608,536.99426,0.7853494,1040.107,548.3576,0.92164326,1058.9873,650.48444,0.56088555,1073.1396,661.8461,0.9534585,1116.3826,715.1202,0.538832,1123.8281,723.04596,0.81451327,979.96625,694.67035,0.6315495,981.99347,708.3305,0.8175317,1105.5618,730.56854,0.75773364,1116.6796,763.8775,0.98792404,1048.7131,865.10834,0.89087605,1042.5115,875.83795,0.9235449
1058.0748,444.53915,0.9676951,1048.9196,437.139,0.90786314,1044.187,440.28494,0.9786279,1020.88684,467.8494,0.6802865,1023.17224,466.76785,0.975361,1019.1427,525.62146,0.8130805,1023.234,531.0261,0.9030455,1106.6249,600.2306,0.8546654,1106.4987,598.5758,0.8623778,1191.7776,616.45996,0.6772455,1194.474,614.4978,0.78797734,989.4691,692.26746,0.67309546,984.4718,702.3489,0.8494599,1110.3715,751.6929,0.80203927,1119.0735,758.4127,0.9250661,1048.9219,866.54626,0.9482815,1043.5895,875.05457,0.90252054
1019.17737,423.019,0.898644,1008.0105,417.51767,0.8171554,1003.88135,422.0745,0.94826686,992.1952,455.43277,0.61720026,992.66113,454.29184,0.9704005,1009.1018,502.9816,0.8220419,1004.0548,507.0347,0.91212,1109.1327,522.0879,0.8823582,1103.6294,515.2167,0.8642795,1190.9999,488.27274,0.6970611,1190.181,477.78976,0.8319393,995.52893,680.89526,0.7667246,981.9147,691.5017,0.8855578,1107.5131,753.64856,0.8176714,1117.2814,757.7827,0.9376713,1046.3297,866.3601,0.94519615,1043.0176,876.1771,0.8983397
994.0131,415.14542,0.81566095,981.16754,411.82578,0.8007568,978.6951,418.44467,0.85836357,978.77826,438.76987,0.5842041,973.44183,446.67105,0.9458143,988.6298,490.91794,0.7649784,994.44904,493.72726,0.939519,1085.801,433.8093,0.71797264,1093.7512,430.38626,0.80989957,1132.2273,359.59592,0.7171205,1135.9055,351.98422,0.8644657,986.9643,671.1012,0.74312764,986.81036,677.58777,0.88199687,1099.427,749.07996,0.8364636,1113.4004,755.36096,0.98245025,1048.8025,862.68005,0.9348338,1043.3809,875.30164,0.93910986
959.0254,380.31802,0.94897497,946.1553,378.4081,0.8781918,944.9075,385.90616,0.9328423,941.0355,417.8173,0.63147855,945.70703,419.58347,0.9294361,977.6478,459.3046,0.7936125,976.6189,460.85776,0.86904824,1029.8633,380.88046,0.52372366,1045.1404,368.48502,0.9919106,1038.1013,294.62253,0.52472246,1041.6703,283.66995,0.9631665,999.8434,642.52136,0.7536061,997.8948,647.80664,0.9286197,1101.2628,739.4061,0.82158756,1106.3518,746.802,0.98034453,1048.7379,861.6915,0.9129273,1044.1085,872.9614,0.9247719
919.7263,357.4875,0.91755205,907.28467,356.63123,0.83338976,906.2108,361.1186,0.97775173,903.9409,394.04352,0.6202522,907.72986,389.3993,0.96721673,952.34656,433.70135,0.8203838,940.6907,432.40375,0.87469244,982.5476,339.4583,0.47019562,981.4668,329.403,0.95290154,964.558,279.65143,0.36236644,956.6183,264.37482,0.96151567,1019.89087,599.7005,0.8207699,1008.3115,604.52606,0.90786517,1096.2716,728.8338,0.88075006,1097.21,730.8768,0.9403037,1053.9238,853.11115,0.96737194,1051.1051,860.1392,0.9474528
871.6642,348.35956,0.8713337,860.28674,348.81586,0.75303626,860.82056,354.50342,0.90101975,866.6963,384.92883,0.53442216,865.21643,388.2234,1.0278399,929.9237,404.74628,0.853125,910.61096,417.8144,0.87759066,937.26965,316.8131,0.6536149,926.44104,311.555,0.91409385,902.7843,271.97192,0.5027318,894.51965,263.16956,0.8989521,1036.6548,551.83295,0.8235116,1022.45544,560.3127,0.8542665,1090.6146,688.0915,0.83774364,1094.3641,690.80743,0.9317861,1067.2239,824.4333,0.911111,1067.0172,831.9655,0.96259725
825.44885,362.43234,0.93455863,815.95715,366.69235,0.8317213,817.33044,373.8607,0.96235,833.00134,399.49564,0.4868648,834.40625,398.6016,0.98909324,895.0558,397.4966,0.7645105,885.4707,406.21133,0.8975112,897.1819,324.1412,0.52296937,897.45447,303.35202,0.96762836,868.21924,290.5179,0.28616595,855.9706,270.1965,0.86078703,1034.0465,515.40906,0.72813654,1026.11,526.83545,0.8390625,1099.8107,642.95496,0.79510397,1110.004,646.26135,0.925406,1076.2162,771.5503,0.8046424,1074.6866,780.25305,0.9385721
796.3737,374.63162,0.8503469,786.3974,383.4412,0.7175731,790.7375,388.39914,0.8599391,809.7509,417.6337,0.5616554,808.941,413.21194,0.9621274,867.3818,388.67044,0.83386564,864.3543,405.2466,0.7457211,877.5617,315.36874,0.6308886,875.87067,306.32693,0.9418046,831.91364,288.34543,0.5731663,824.1789,276.1829,0.8992479,1025.4556,470.38333,0.66955423,1014.13055,491.13376,0.7800067,1125.2136,587.2081,0.7911931,1128.835,591.8572,0.91968393,1079.3003,715.22974,0.74790907,1075.9829,718.5354,0.91663975
775.5698,395.69897,0.82832706,767.3583,403.3423,0.7036464,772.8678,408.4016,0.9310821,793.65344,438.94568,0.52302516,793.5947,430.90753,0.99814385,847.4125,396.40936,0.78346306,841.71326,414.97894,0.7613125,871.7412,322.4624,0.53233254,870.93787,314.4203,1.0017582,872.895,355.42694,0.48725814,815.9708,282.23517,0.9625745,1015.385,445.69135,0.66074955,1004.3142,471.7162,0.79536223,1148.6912,520.21497,0.8551734,1148.7538,529.0011,0.9405035,1085.4202,644.629,0.71941507,1085.6255,653.6821,0.9063561
751.0525,419.48895,0.7358711,744.3983,429.91132,0.6743855,753.83704,433.93854,0.73557246,779.11743,455.2002,0.56431884,780.88135,448.03644,1.0666088,827.33716,417.06903,0.62211424,832.09045,422.29144,0.8144175,866.3307,349.35895,0.26909655,871.56335,328.87335,0.99248856,825.0691,300.74683,0.41107762,814.254,282.19708,0.96356714,982.4147,422.18488,0.45487633,1002.1659,466.34943,0.76285934,1039.0782,404.09503,0.40311265,1151.0687,455.3344,0.95981765,1028.1632,486.3177,0.20127645,1097.1437,586.26166,0.961223
744.5498,434.86566,0.62287486,737.7892,449.85364,0.6344763,750.2512,452.07013,0.66226745,768.2156,470.7685,0.5943544,773.5215,462.4676,1.0155787,816.7748,436.69537,0.6867758,815.2594,429.3459,0.8776349,862.9186,362.27582,0.59815156,878.27185,341.48602,0.95900726,844.7733,314.7901,0.66498,822.9407,282.32214,0.9406645,977.56506,435.7564,0.47384563,991.3375,456.51703,0.83472705,1101.5295,377.8426,0.22495478,1120.5989,382.9391,0.980958,993.3004,494.78253,0.22486925,1124.9874,521.14386,0.9800416
742.9685,450.62433,0.8247613,734.2882,461.03998,0.72427535,742.6604,464.20673,0.83291596,769.14856,490.46613,0.55553496,769.3158,477.93164,0.9080082,822.4927,452.46417,0.5969856,811.1294,441.99188,0.8753969,890.24817,400.09283,0.6815784,875.1632,352.80243,0.94536436,866.3667,343.91962,0.7050861,831.3251,282.85736,0.93893063,996.7003,489.26276,0.57179284,994.431,459.2058,0.7855977,1061.2941,337.16992,0.42502296,1065.649,321.30292,0.9905168,1142.2102,431.79285,0.5233813,1154.61,437.62042,0.9278921
746.94336,462.13403,0.77623165,738.5427,473.61462,0.6011733,747.9712,477.2574,0.75441384,772.81006,511.66968,0.5552316,770.4552,495.22083,0.9830972,825.34326,473.25098,0.62279177,815.45667,457.42407,0.8586694,883.9336,395.86902,0.5256747,875.00037,363.39648,0.91815424,856.806,336.5492,0.5861025,839.6334,285.64136,0.93392634,1006.306,487.58984,0.64695853,996.3821,455.10602,0.82742745,1021.8793,322.52332,0.5138483,1018.0392,298.17847,1.0181944,1141.6593,356.38184,0.6700523,1153.4696,340.50128,0.9653255
753.9599,494.55682,0.48444602,749.8593,512.9049,0.4586302,754.0732,512.5124,0.47695294,788.5292,531.5192,0.5046897,786.7829,523.64276,1.0421386,833.7771,486.79254,0.4907679,830.81525,479.42023,0.72173417,894.5173,399.5893,0.8770807,873.34845,372.02643,0.75454724,854.32794,332.65668,0.90039563,842.7712,289.55896,0.8145222,1017.0253,487.8338,0.38080138,1006.4285,454.59906,0.63221663,974.2813,307.47412,0.37708127,962.26434,292.98694,0.94919693,1115.324,276.89618,0.5668623,1128.419,274.39282,0.80585635
780.64575,527.1554,0.6307415,764.3959,544.62427,0.52615774,782.2228,541.86145,0.61588395,816.80225,564.6216,0.39052874,812.411,548.5388,0.79208267,857.2522,518.92786,0.46878988,846.8019,502.68143,0.75584704,895.7228,406.68527,0.85239625,871.4944,385.69046,0.78580534,853.66235,335.89255,0.85755134,842.84045,297.92947,0.7739721,1028.6769,448.3738,0.54858536,1013.3607,432.3253,0.5518789,916.26904,311.26138,0.55827415,908.40967,311.50162,0.9331677,1037.0947,235.36578,0.5634082,1038.4612,238.54669,0.7409004
814.0911,582.9263,0.6249293,811.6254,591.95825,0.581305,821.9516,587.46155,0.746174,834.418,585.64294,0.41914645,845.99774,579.6865,0.743413,880.5319,532.2212,0.37964505,868.1275,517.55054,0.7939609,876.63043,403.45303,0.38608247,872.258,399.57376,0.8161031,839.16974,330.05435,0.21660851,835.67914,330.3809,0.84492534,1018.6807,423.15744,0.41302738,1014.0599,428.31662,0.42605215,872.68243,340.01846,0.49963465,872.40985,343.0889,0.6526704,957.67035,238.88577,0.70651853,956.3073,237.11032,0.5582993
853.9793,620.8462,0.9168931,860.05023,629.5099,0.7657534,864.6125,624.3091,0.9663776,897.59125,603.6904,0.43087456,887.2308,606.933,0.94877625,910.1208,550.3506,0.5166415,890.30804,539.7406,0.76487464,879.36127,443.21585,0.4223035,871.9725,415.78262,0.8464681,892.1192,421.51382,0.16761187,818.23553,377.86093,0.9074756,998.8201,401.74313,0.4331872,987.7166,404.09995,0.6243798,855.3481,375.9637,0.61917114,830.3028,392.845,0.64533055,888.23676,258.1533,0.8346082,879.92377,252.6124,0.6063067
895.29016,634.56934,0.88788176,902.8989,641.411,0.8182322,908.32336,635.90686,0.92541575,944.46497,613.8236,0.6758199,934.822,617.71533,1.0313993,949.2633,555.70056,0.5735071,917.7882,552.1664,0.7838674,878.3142,452.9755,0.359797,866.3258,445.43863,0.8488387,814.3612,433.64444,0.26795363,801.49805,439.72452,0.9257892,968.8419,408.65854,0.43428814,960.286,388.9175,0.77355826,828.6583,438.95377,0.56980944,814.2915,438.51395,0.69905174,799.7134,303.9686,0.51821834,805.65076,299.20047,0.84077597
950.03937,646.61475,0.80224395,960.62823,651.74817,0.75513494,961.82513,647.1228,0.8585036,994.66876,614.7782,0.5794242,976.1514,624.8301,0.9585995,1000.336,527.2637,0.55286443,935.6623,568.1721,0.8447342,1028.5652,489.38913,0.25921386,857.1628,474.26773,0.95875037,806.5102,491.2587,0.119588464,799.83026,497.65555,0.88830876,944.1602,394.4847,0.5905998,917.19977,391.55173,0.77191067,820.67914,474.08426,0.62997067,803.14606,484.33438,0.611237,743.51776,375.03012,0.54128575,733.1588,372.65805,0.86844003
993.37134,649.07416,0.9077904,1003.81726,651.2753,0.80018115,1003.5054,644.12286,0.95130277,1028.5149,600.91284,0.6330266,1010.859,612.2797,0.9872962,1001.745,541.80835,0.62969357,957.76965,571.1005,0.89740527,1009.24536,481.42297,0.39882812,864.8959,511.71857,1.0470729,808.73157,546.5528,0.17977278,806.18994,554.3257,0.9582994,914.24963,409.02972,0.6169688,892.1825,409.66937,0.8624049,814.94617,532.23846,0.6926174,807.0934,538.5286,0.7698744,699.83826,489.58124,0.5623607,686.73804,477.44232,0.9769074
1021.398,640.5207,0.93848956,1032.093,639.80524,0.88447475,1031.1218,633.22076,0.897954,1034.4629,591.6022,0.57914513,1029.5762,601.47174,0.9624764,1008.00006,560.5944,0.64722866,980.3453,572.35406,0.7342841,878.7779,541.7184,0.27326673,860.34247,539.1612,0.9670335,870.0278,560.2641,0.26638594,815.5751,601.70123,0.8442713,876.1868,427.53644,0.44934398,860.7884,441.01526,0.668737,836.6306,593.42737,0.80439246,808.3004,580.83234,0.80779195,750.24255,584.01953,0.07656786,747.8317,563.2956,0.022574274
1037.8705,632.005,0.9541552,1050.0146,630.9863,0.9357362,1049.3738,624.1011,0.9795867,1046.3353,580.3567,0.59928906,1043.7119,592.485,0.97016084,1009.7944,552.7289,0.7804374,993.26715,568.9542,0.83885723,899.9655,564.0631,0.699278,865.73065,567.1411,0.99439245,874.97064,629.06067,0.9310237,846.3177,642.85144,0.8830323,852.59064,473.59567,0.62171054,836.05634,475.2092,0.8365758,823.3388,628.8152,0.63718116,808.0076,630.5194,0.92362565,732.52856,720.60754,0.88948405,709.47626,731.50244,0.8459879
1040.9822,623.124,0.9237617,1052.1324,621.2119,0.9392954,1051.0234,614.7092,0.9560026,1046.0488,573.3551,0.57073164,1042.7457,584.27673,0.98877996,1007.7474,548.9171,0.7830561,985.3403,569.65247,0.8460328,910.5428,591.119,0.7386282,875.7387,603.65906,0.9654225,908.8619,662.7117,0.89135087,884.4379,684.3135,0.92876184,826.46893,525.34546,0.64513683,808.1651,525.5624,0.8182974,829.78314,674.8014,0.84604454,806.4822,684.01306,0.90415144,783.4895,804.3457,0.9459803,754.38007,822.98584,0.9096837
1008.31604,608.20386,0.18323416,1008.4752,603.1383,0.026103815,1008.2837,592.871,0.051165633,1008.30725,536.339,0.14607647,1008.2449,569.7235,0.19429627,1004.0115,552.0604,0.67366683,975.14905,564.8417,0.7843559,928.3495,620.1842,0.92293334,890.0858,642.7273,0.93443084,944.1472,685.266,0.9273093,921.3281,712.8815,0.8541089,812.73914,579.05994,0.69736266,785.3507,578.82275,0.7629881,839.683,715.9038,0.8839635,811.4708,732.7617,0.8240107,822.3779,862.5847,0.8765453,787.83215,885.74915,0.91492915
1008.02747,611.1915,0.9317473,1017.922,607.1584,0.85282314,1016.27966,600.1557,0.9094249,1008.8242,563.68933,0.62369895,1008.4789,568.8166,0.963982,963.41223,566.14856,0.7842586,953.4105,572.0897,0.86231095,949.7643,655.1335,0.9065168,914.6837,675.56,0.9740113,992.229,704.1951,0.94291544,981.4331,738.8273,0.8931327,801.52795,623.8161,0.68929887,769.26404,623.23285,0.8010758,871.13086,742.67145,0.9315867,846.067,758.27057,0.87731695,827.75366,861.93243,0.8967042,790.254,882.5627,0.9368514
998.682,605.65686,0.9806442,1006.2366,598.7295,0.94357777,1000.9126,595.11084,0.9781113,979.41724,568.23047,0.61794245,977.14355,571.4021,0.9841005,938.09973,579.0586,0.7813176,917.04285,589.4415,0.83027875,967.563,661.9818,0.9439633,938.85547,690.8291,0.99067855,1031.3978,704.3778,0.9336066,1027.8977,729.3529,0.880939,794.9917,647.1808,0.709599,756.8656,649.8519,0.81935984,884.08997,747.70886,0.89412665,859.9995,758.48035,0.9735484,828.308,864.3154,0.9314606,788.77844,884.4735,0.9651861
986.027,603.6577,0.94780916,991.98816,596.2312,0.8959235,987.3898,594.04004,0.9916135,958.97754,568.7556,0.6592213,963.1039,576.3281,0.94366896,916.7257,582.8906,0.8133771,905.5742,603.0016,0.79228914,972.9968,657.3473,0.8995296,953.03577,686.97534,0.9647502,1055.5946,688.05286,0.9336475,1049.4169,703.2501,0.9240609,776.0648,654.2108,0.68222535,742.43274,661.765,0.88139474,875.9175,745.6294,0.8594051,851.4531,761.10205,0.94364357,826.1023,865.2759,0.9132643,789.0146,884.27075,0.93118376
971.3135,603.4771,0.9558742,978.46387,594.70685,0.9415841,972.40173,591.8109,0.93924665,947.57227,569.3133,0.64863676,947.13586,572.6347,0.9994155,908.13684,584.7871,0.8237861,894.3208,600.56116,0.80802584,976.9214,649.0981,0.98736125,962.0148,679.7198,0.95775676,1055.5691,660.6464,1.0096658,1052.6943,674.68,0.96913385,759.1302,658.5053,0.726807,731.0579,663.46014,0.87577647,867.56116,739.4257,0.9307958,844.63196,756.3206,0.92834413,822.66895,861.76764,0.9105971,787.7938,884.32477,0.9122549
755.5153,397.5911,0.8386488,760.34686,383.97025,0.92914075,755.7906,384.36942,0.8430178,788.5815,384.2195,1.046103,791.65717,382.0748,0.720671,839.5789,431.41257,0.9032733,817.9594,433.8759,0.8792646,715.7801,373.17416,0.94569546,693.0092,374.4473,0.90106237,623.88025,303.79312,0.9136541,613.2708,313.31393,0.9740746,964.2713,611.46313,0.891591,936.50653,611.90686,0.9068678,910.2354,785.5017,0.97571385,899.2347,782.2937,0.9429829,921.0728,958.66345,0.9552179,913.7586,942.50586,0.9765065
755.35376,396.83868,0.8401916,760.2024,383.37366,0.92724943,755.7671,383.68823,0.8386761,788.56335,384.0077,1.0428135,791.7047,381.92242,0.7232024,839.6244,431.3686,0.9049882,817.8312,433.88184,0.88267887,715.5425,372.755,0.94189614,692.91736,374.6206,0.9066688,623.9801,303.74457,0.91599035,613.30505,313.42065,0.97988665,964.4656,611.4496,0.89321554,936.59924,611.8899,0.9095434,910.23376,785.1765,0.97610664,899.12634,781.96716,0.9434515,921.0277,958.673,0.9566255,914.0106,942.3766,0.9749309
743.6754,423.88525,0.94171476,749.2283,411.91357,0.9839909,743.0448,411.53735,0.89071846,785.70715,413.57843,0.99952745,790.80164,410.02985,0.67272884,834.5161,462.26178,0.91114396,823.473,457.38275,0.81694007,709.1456,442.1985,0.9138037,702.0438,445.95142,0.59828705,588.3572,400.63812,0.9554857,602.9159,403.0816,0.6407454,977.08093,623.2544,0.89202225,952.772,623.0947,0.8135468,908.55896,791.5134,0.9746052,900.9418,779.6904,0.87747353,922.9977,960.10815,0.9257337,917.251,945.313,0.9387964
739.6505,457.82913,0.9624202,745.5917,444.2238,0.96764255,739.21045,444.9274,0.9080224,783.2377,442.06418,0.9796441,790.0814,439.5831,0.75380814,830.90405,492.61185,0.93372416,835.25964,482.19193,0.85696965,696.8391,504.45926,0.95210457,909.22046,486.21463,0.64473546,577.2136,505.07913,0.9438492,880.9375,462.8842,0.47265422,987.29834,634.0259,0.90999043,965.6998,631.478,0.8532657,903.3003,791.0592,0.95447946,896.60706,781.3534,0.91663325,922.6173,962.44617,0.9900239,920.0725,944.1537,0.9335836
733.6202,483.94708,0.9874964,738.3455,469.08936,0.96163636,733.1065,469.83997,0.9216839,774.3454,470.7226,0.99155104,785.64484,467.79004,0.68430746,825.88654,523.98584,0.8544649,826.6047,512.7604,0.8197025,706.96796,576.33813,0.9575908,913.4621,508.11188,0.62353325,599.67755,615.5172,1.0038496,885.70636,490.4157,0.4926926,992.9683,646.7521,0.867975,961.13666,642.8507,0.86528444,902.66754,797.3435,0.96021616,886.055,781.0891,0.9563232,922.1982,967.0786,0.98123187,918.2275,942.43555,0.9337697
726.405,505.9867,0.9550256,733.40356,493.2588,0.9675616,726.69604,492.49365,0.9000754,771.1201,499.26013,0.98821855,776.0288,495.50787,0.68578696,816.1699,553.41797,0.82551694,804.89233,545.73615,0.79799503,737.9646,645.0562,0.98733187,724.58655,637.14465,0.9552815,659.9271,726.2941,0.97630954,650.1221,713.3831,0.9653739,994.41797,657.2292,0.8516997,968.49854,650.0777,0.76110953,893.26465,798.57623,0.98870766,882.7073,782.8079,0.88666236,922.57837,964.3837,0.9641872,916.4352,937.98724,0.7952645
719.60925,528.4961,0.9956175,725.6025,515.2751,0.96512693,719.1573,515.85455,0.92398167,762.0072,518.57684,0.9942529,761.78125,517.74896,0.68748367,821.1492,575.36304,0.80452436,794.43396,581.7659,0.8645818,786.2583,698.8088,0.9521709,764.18774,688.3295,0.9601936,754.59607,800.50555,0.95372975,734.9858,779.951,0.9439125,998.75635,656.50397,0.8477962,963.944,655.7026,0.74294233,892.1782,798.3923,0.9394059,877.38464,788.0717,0.9458737,923.4431,963.74445,0.99482155,914.8135,945.53754,0.9409239
709.59924,546.5647,1.0041205,715.4566,533.0646,0.98993325,708.9244,533.8779,0.95085895,752.5016,535.3939,1.0148746,756.0219,532.0614,0.6357212,818.4739,590.25305,0.8787441,806.4193,580.99585,0.79829144,844.9795,715.62427,0.9266839,814.43494,695.4166,0.9276026,865.3063,808.2362,0.85072947,830.6738,788.9784,0.9110938,996.13,656.9005,0.82918847,964.5775,653.1565,0.69774747,892.72644,797.0017,0.8863095,878.08777,778.7013,0.81830394,921.6162,964.2389,0.918746,913.2931,944.6361,0.9774033
699.26166,564.3173,0.96226126,705.6024,550.4454,1.0153955,700.178,551.20245,0.9470905,741.69836,553.07367,0.97323,747.49396,549.12604,0.6224225,820.5601,612.14154,0.8742448,810.0961,583.8252,0.696342,901.7955,708.05927,0.90141386,883.7215,692.3189,0.57369703,973.5052,782.5256,0.94068265,893.7393,741.10895,0.36827558,998.32477,652.3765,0.82301885,969.3389,647.15424,0.69008857,897.9732,798.9399,0.89971435,877.0306,783.0002,0.97354937,922.1596,964.3271,0.92937994,914.25397,943.1081,0.93782854
695.20605,583.7103,1.0008605,701.557,571.677,0.98145735,696.03015,571.1653,0.9284226,737.70984,574.177,0.99893105,750.0272,566.57776,0.63480234,822.276,620.7483,0.9039452,804.7931,591.73254,0.7714509,938.9503,662.95276,0.93928957,887.4949,576.78955,0.38743567,1035.1744,697.85144,0.9616518,947.2335,640.9016,0.18733245,993.45447,643.9675,0.77880895,964.22644,637.87024,0.6405508,904.87744,794.8307,0.9330167,883.651,781.2444,0.9282598,921.02576,960.5492,0.97126627,909.9541,941.405,0.97090006
695.99054,599.5444,0.9951973,701.6585,587.05536,0.99088746,697.0838,586.7788,0.9101789,737.19806,590.7867,0.98637605,744.6683,585.55133,0.6384624,823.3481,626.5151,0.9018884,810.2895,608.827,0.77699506,944.132,612.1523,0.9146913,930.6165,587.5606,0.7921065,1043.6631,593.3521,0.97543806,991.73663,569.1556,0.9336526,1001.51715,648.5938,0.8577982,966.41205,647.28357,0.7925166,911.6989,790.62286,0.96100473,886.7603,778.8244,0.9736105,921.7944,960.92145,0.9433217,908.23944,940.6281,0.9111444
698.99286,609.2186,0.98446023,705.8445,596.90955,1.009054,698.9551,596.94336,0.9196652,743.02386,599.468,1.003484,747.953,593.6427,0.635043,820.04895,626.5227,0.8999424,809.02515,604.1587,0.7919004,925.69934,566.27966,0.8608532,902.2811,553.0094,0.96233606,999.4485,501.5131,0.9966767,964.1218,490.26523,0.9211795,1005.423,643.2897,0.84879327,972.24854,638.71387,0.7337302,915.9375,787.0416,0.95364845,891.1339,776.3341,0.9128846,921.5415,958.57983,0.9627906,908.74255,941.21045,0.9796552
705.5763,608.64746,0.99039257,710.7185,596.63434,0.9997983,705.4271,596.4755,0.94704986,745.66956,600.0359,1.0134301,757.49866,590.73895,0.68030226,824.54333,617.9947,0.92635584,808.61804,612.40594,0.7809564,892.7457,535.00226,0.9118364,881.2269,535.1894,0.6706518,932.5757,444.1104,0.9636049,924.95154,446.48865,0.5796155,1010.20996,645.08905,0.85283005,976.58264,646.2431,0.7383303,917.7748,787.7941,0.9599674,892.5901,775.3652,0.9447231,919.83813,955.75555,0.9523963,907.49316,935.2054,0.9649049
711.8955,600.6319,1.0086606,717.7634,588.3679,0.98073334,711.85535,588.1706,0.95099545,754.57495,590.4549,0.9882218,762.78284,583.67834,0.69430995,827.5768,611.51685,0.91307807,813.9204,609.8968,0.80826443,884.42444,516.61566,0.9487973,881.8262,543.0406,0.5373564,902.8882,429.53552,0.92229056,904.70703,436.64398,0.6682187,1011.87085,643.7882,0.85473776,980.1781,646.61707,0.7824942,917.71594,786.349,0.95759594,892.7942,776.2667,0.96192145,918.56396,953.5521,0.9186243,906.9579,932.6902,0.98178285
714.75854,583.88434,0.9701046,722.1588,573.0711,0.9835549,717.7003,572.3477,0.9126118,757.6332,580.91705,0.9833367,772.66565,573.78925,0.653958,827.8617,609.82184,0.90464604,816.57043,599.9638,0.802806,896.66174,517.5024,0.8490649,888.4092,532.921,0.65643024,923.1089,433.61298,0.87957937,929.2562,444.9074,0.88538224,1013.20935,645.1772,0.8718172,979.55945,645.51447,0.78754795,914.68994,784.43866,0.9434088,891.5831,775.3349,0.9863405,916.56006,951.8576,0.9681245,905.2118,931.9162,0.9969349
715.07983,563.35767,0.99280196,722.8877,553.2471,0.9725406,717.9474,552.57654,0.91203445,758.4935,566.974,0.99401844,770.5598,560.4905,0.6888517,826.95996,605.4879,0.8540665,819.0165,592.1481,0.78397965,920.4227,538.6338,0.9473654,910.2074,540.64465,0.51975024,980.2892,466.17587,0.92570364,977.18005,470.01016,0.34802765,1006.7992,645.3469,0.816755,976.67285,645.6478,0.77371013,910.203,783.5873,0.94319344,886.58984,772.5077,0.94811,914.1373,951.51465,0.9600842,902.76025,932.3247,0.9739206
719.44763,534.31116,0.9625324,727.3988,522.9573,0.96262896,723.875,521.71545,0.86038685,761.875,539.8207,0.9695675,774.98425,533.60364,0.6105476,830.24817,591.64685,0.95957136,831.2451,564.234,0.74607575,935.28357,571.5376,0.8552375,937.1218,561.77026,0.67256385,1027.0446,540.9413,0.838922,1033.2921,540.10974,0.7134377,1002.8253,647.7444,0.7684978,974.0277,641.13916,0.72593236,901.0814,788.9603,0.93784034,878.1146,775.42456,0.9365811,912.75415,951.56104,0.90653306,900.64905,930.9818,0.9711307
727.30066,501.78445,1.0118626,736.90125,490.55637,1.0119555,732.2064,489.15237,0.93135893,771.744,506.87137,0.9728784,784.4166,500.29153,0.6663141,839.7012,570.829,0.9065005,831.27637,543.1389,0.74132204,957.1732,612.97034,0.94820774,943.3646,586.734,0.49804097,1057.2758,642.8789,0.8898858,1040.5259,626.4945,0.6203459,994.7875,654.7577,0.7740054,967.4658,643.7811,0.77937305,890.7108,786.32336,0.8882939,867.3275,773.6079,0.95469606,909.8721,950.0952,0.9200425,896.4647,931.0211,0.997131
750.4496,466.58176,0.9959681,760.9419,454.98703,0.9709524,754.4513,454.26016,0.93414956,796.964,469.2618,0.99536884,805.63684,465.53714,0.71643543,853.9824,547.60315,0.92114174,849.886,517.75635,0.778618,926.31995,652.97925,0.9515345,925.78064,630.5143,0.4150316,980.2013,746.5885,0.9755615,894.8026,725.4905,0.25385696,993.45215,661.4038,0.85114324,969.4065,648.8939,0.70373714,877.94714,790.885,0.9292173,854.73157,774.84094,0.9426229,906.9026,950.0847,0.94614625,894.4331,928.5492,0.9618533
785.95667,438.05853,0.9742249,795.52966,426.0913,0.96912754,790.3705,425.34686,0.89170945,831.2883,438.4776,0.986569,836.9852,437.3012,0.71239996,876.59985,519.8269,0.9523077,862.72253,509.4052,0.7560196,863.1958,653.94446,0.9684627,842.12305,637.3286,0.91257,834.40173,770.95764,0.79260755,811.6909,733.41516,0.93361366,987.8469,672.55115,0.88350743,956.9182,665.375,0.8623334,860.70264,794.2074,0.8940325,844.2051,779.90173,0.779609,904.672,950.64417,0.9767408,891.22424,929.43396,0.9640112
823.76355,418.38132,0.9742087,834.53394,405.9595,0.94263315,829.3949,404.23532,0.8768265,869.4586,422.57443,0.97756535,880.9037,420.98776,0.7283424,893.98926,511.2385,0.9139558,895.5741,497.0809,0.7405493,805.3799,602.6765,0.9438222,799.1926,581.48975,0.9440669,703.82166,663.6094,0.9669467,703.1356,624.6864,0.89718413,976.5923,683.14355,0.882504,952.453,672.1151,0.83883905,842.4265,800.27075,0.9804479,829.7837,787.71985,0.94612515,898.4679,947.2063,0.96817327,889.7516,923.57556,0.89339846
860.1909,404.19357,0.9515246,872.03577,393.97018,0.9556495,867.14966,392.60953,0.85758173,903.6046,414.5463,0.96175826,910.61,413.93314,0.69718796,906.18445,494.67477,0.8569821,912.55994,478.74442,0.743667,773.07764,507.1185,0.8920851,781.7739,491.9929,0.9261104,657.72095,482.19986,0.968974,678.4684,463.4802,0.9905164,966.7754,684.84863,0.8687123,947.119,671.723,0.79392874,832.36584,801.3375,0.9254331,821.0969,782.10974,0.9140824,893.8367,948.35876,0.9439177,886.6681,922.19995,0.8885104
884.13574,382.8553,0.9515661,897.14966,375.3567,0.9620719,890.938,372.16882,0.88467777,927.89307,402.0948,0.9855856,933.2047,401.7298,0.76920986,920.6433,466.74316,0.90340626,930.15393,460.19263,0.8575444,797.3788,403.69458,0.9760729,808.266,399.88434,0.59187436,728.7251,318.93286,0.9583854,750.56165,323.57892,0.8277046,955.3307,674.3655,0.92510056,932.46533,663.3364,0.87289137,825.64075,801.4497,0.91862446,811.053,781.282,0.9380983,890.5553,945.5166,1.0031751,882.0437,906.00745,0.77543294
907.44604,349.3526,0.92220753,922.453,344.32898,0.9206935,918.69336,339.90607,0.8337952,948.3834,378.43658,1.0428889,954.86865,379.68268,0.8205756,938.0995,435.53253,0.9033705,948.4811,436.35052,0.8884925,860.26025,320.60883,0.960052,982.79956,442.12512,0.33454436,853.6925,217.72736,0.92037463,981.7826,415.42615,0.39246374,940.38245,646.6679,0.9371495,915.4553,638.1889,0.8852372,826.1948,790.2763,0.99402064,808.62976,769.0744,0.9699054,885.4437,941.96185,0.94220716,878.9359,919.56964,0.8652978
953.859,301.8047,0.8460078,968.27893,300.39874,0.85683095,965.1776,296.98016,0.8292553,980.1776,334.6468,1.011388,986.2916,339.42145,0.76260734,961.5773,392.2655,0.94047594,960.5868,398.26202,0.84234965,941.50305,257.64636,0.9751885,995.40967,466.6607,0.7185985,982.45276,179.60205,1.0112435,996.7682,407.42865,0.5116116,920.33606,606.13983,0.91366434,890.0011,595.2686,0.9190742,835.6129,771.1579,0.9696678,816.0582,757.5002,0.9504043,876.0082,934.6751,1.0031626,870.70996,906.8167,0.80996835
1000.38965,279.1098,0.9931325,1014.6404,277.1136,0.95654374,1007.6736,274.70746,0.8717717,1023.09644,309.07916,1.0147357,1020.4177,311.72113,0.7261969,990.31714,358.5473,0.943737,984.97217,367.6823,0.867731,1009.84045,249.42505,0.96576124,1004.473,435.50043,0.8740163,1068.0613,190.9408,0.90286183,1015.4696,435.82477,0.93913263,898.6926,550.0976,0.9320046,876.7118,541.4548,0.88067675,842.2395,731.81976,0.90461826,823.72253,722.4086,0.9420723,852.03687,926.4406,0.94710875,862.46936,880.9499,0.7846824
1063.101,252.30148,0.87380433,1078.127,257.1431,0.87894285,1075.1904,248.0184,0.76812375,1081.6116,298.37802,1.0360848,1084.0442,297.94357,0.72086775,1031.8845,344.11472,0.8863181,1031.0143,321.59958,0.74742895,1089.7605,238.32895,0.7336864,1114.7225,214.90158,0.71220225,1193.6968,179.99545,0.5314152,1193.2041,177.27994,0.862265,896.45154,485.00473,0.9113529,883.37805,472.0527,0.87580734,782.0714,641.0021,0.99903786,777.58655,628.2892,0.8648679,841.0128,785.4984,0.9148365,841.7333,768.53894,0.80703443
1092.8673,256.93735,0.8972583,1108.1034,262.19467,0.92798436,1106.1642,253.40451,0.8741907,1109.8259,297.5754,1.0479668,1111.1129,285.67892,0.65944505,1054.735,338.12503,0.84774554,1043.9865,316.5809,0.80568707,1109.6248,221.07089,0.76404995,1093.6489,224.91788,0.52597046,1205.6549,153.33768,0.54881066,1200.6472,154.04684,0.5871229,905.72327,475.3408,0.85004365,897.9396,460.99527,0.7841947,747.34045,573.1837,0.9886118,755.8644,565.2313,0.91557217,822.886,708.5559,0.91119134,824.35144,701.56213,0.85822994
1113.7708,257.46704,0.9646218,1126.6685,261.32422,0.89647,1124.3135,254.19348,0.8397491,1127.0787,303.50116,1.0404775,1124.4497,296.3661,0.47787404,1071.6814,334.65448,0.8865638,1067.7654,332.80603,0.7809218,1107.5056,226.0086,0.8967086,1027.4255,284.8996,0.94272447,1177.9294,139.31152,0.8892572,1053.6635,223.83691,1.0089113,908.85767,475.64368,0.88308203,914.9181,469.10474,0.7219001,728.9606,493.22504,0.9632192,742.20435,489.73816,0.80916023,792.3479,639.7787,0.97173727,803.2053,629.7262,0.8904134
1116.5172,276.0188,0.89148045,1132.3455,277.90112,0.9423609,1131.884,271.42175,0.8042226,1133.4403,318.03992,0.9880494,1136.3484,320.3628,0.55703914,1079.3254,349.9676,0.916719,1059.4523,342.99298,0.77649474,1080.9276,234.91626,0.9257648,1002.7108,312.21826,1.0377798,1140.603,127.28406,0.9480329,1005.1304,241.10956,0.9508752,913.88574,475.41357,0.86034167,917.37085,471.99365,0.71765685,744.59485,409.06506,0.9573179,753.6925,410.2776,0.8926235,761.9227,572.448,0.90710354,771.3801,565.3529,0.911584
1124.1495,295.9527,0.9564685,1139.8641,301.05182,0.95742714,1138.664,293.20905,0.8472706,1136.7872,343.22235,0.94523555,1138.3362,339.28815,0.5595952,1082.363,374.18427,0.9355839,1054.0465,361.37457,0.79994947,1052.6416,249.97748,0.9369402,984.1758,335.4051,1.0178771,1084.3177,137.53583,0.9483608,963.9403,263.85895,0.9843778,912.0067,472.44977,0.87166,914.92737,469.54205,0.7944675,787.5818,339.09344,0.9495367,792.129,342.513,0.91270745,733.84143,494.26422,0.96382654,738.4325,492.8886,0.89288473
1131.5813,327.11816,0.95121896,1146.4886,337.6499,0.95450306,1147.6145,328.44012,0.88752836,1136.4501,382.25653,0.94785523,1138.5387,376.11932,0.55640024,1076.8552,398.77844,0.8935301,1060.3729,385.50232,0.7813386,1015.6903,290.23364,0.97326124,967.01074,358.20435,0.9639367,1021.9103,178.01898,0.9758889,933.9231,288.4068,1.0111516,904.8777,470.2484,0.877146,909.6864,464.46472,0.7740556,844.5321,295.86182,0.9603909,844.1089,303.5916,0.81494755,730.7821,405.307,0.8471559,733.2565,408.75397,0.8464656
1132.8044,365.6605,0.96291107,1144.6912,375.31522,0.99080294,1147.1699,367.88718,0.87030166,1129.8047,416.05795,1.0446469,1135.6368,418.58585,0.6479876,1064.4753,433.689,0.970527,1066.3574,439.9315,0.7279064,983.12646,329.7637,0.8664725,962.92444,389.4642,0.794748,968.50244,219.00668,1.0068821,930.38196,352.79703,0.27611727,900.678,462.72055,0.85967326,907.73987,463.48776,0.6347741,907.5908,275.99765,0.90301347,912.9695,276.4011,0.8953193,752.32227,327.20486,0.85853237,756.8009,334.47916,0.78063023
1121.2506,413.50565,0.92573345,1136.1124,426.54892,0.9281923,1136.9747,418.48575,0.8156433,1114.7203,463.90262,1.0130308,1113.7708,463.23135,0.58061504,1049.4119,467.8204,0.92952836,1049.927,464.94467,0.6475689,961.4479,372.20114,0.9493133,954.07556,404.52225,0.7300895,935.6207,260.97794,0.9052105,923.85657,287.2429,0.6555858,892.06555,447.1384,0.7780436,898.176,447.19583,0.544906,975.33276,288.7101,0.98545665,958.1593,290.6033,0.5970084,805.9718,273.3268,0.77429247,802.3733,280.442,0.72320604
1110.1171,467.35852,0.89509106,1115.1375,482.8061,0.9069148,1123.4618,476.13092,0.79911625,1088.0728,508.6411,1.0340711,1083.7198,513.79755,0.5317612,1026.3794,498.55817,0.8881347,1033.2883,515.51544,0.6890032,941.44006,391.22394,0.9165349,951.84607,434.06702,0.49111894,933.0293,284.59778,0.8627308,937.8435,302.19818,0.51025915,881.96497,427.065,0.74659,894.44507,442.8747,0.454414,1024.6014,327.8152,0.9444039,1018.173,327.66333,0.5692022,885.39624,253.37097,0.66547644,871.6709,258.8446,0.7193186
1096.6033,534.1417,0.89293325,1095.4851,551.3579,0.8164384,1107.9197,547.9574,0.76169133,1058.2769,565.162,0.9824031,1058.7778,574.03906,0.49455944,997.8193,533.6835,0.82621944,1000.83417,547.3396,0.4907224,950.0245,401.4819,0.9710053,974.0074,418.9728,0.20579222,977.606,303.94778,0.83707416,984.58856,323.0128,0.5380919,883.1004,409.54,0.6706173,891.1678,411.9285,0.48807615,1056.4226,385.298,0.8943863,1047.6838,384.7205,0.5541644,955.3129,272.2449,0.56266844,953.19086,272.66537,0.7590292
1050.4036,580.60815,0.85484815,1043.6836,597.46094,0.80739033,1060.1626,597.0487,0.81565136,1010.4762,605.2827,1.0015346,1006.72375,610.7313,0.5714171,968.2009,563.6815,0.8015981,963.3297,578.33203,0.40772957,976.9326,432.1542,0.9595876,981.52783,447.1196,0.4039237,1039.8461,350.72287,0.82500845,1037.1417,361.3234,0.29334468,897.9159,406.92288,0.67774796,904.8589,401.35513,0.52993387,1069.8059,450.08774,0.80533767,1066.5315,453.94608,0.5912295,1016.5432,299.1852,0.6300466,1018.58777,302.92093,0.67620385
1007.39954,634.7044,0.8060837,995.56665,645.93463,0.73815733,1007.75354,653.2426,0.6851741,949.6704,644.43945,0.7833415,936.7905,649.2139,0.6004586,943.75757,580.5063,0.7822975,912.57764,590.3913,0.37158215,1009.1039,463.36383,0.8925112,960.1676,708.9133,0.23119104,1093.2574,432.87323,0.89540756,980.5741,721.5573,0.4533118,932.53796,411.79492,0.7048191,906.661,413.99707,0.40118793,1064.8416,518.3176,0.831626,1055.9733,516.4688,0.35331097,1084.6454,352.2094,0.84021306,1085.6609,351.831,0.40127382
952.78735,685.7418,0.8353981,938.55725,691.1029,0.91444564,944.3087,697.19666,0.70780075,897.59436,664.0226,0.6610269,881.89075,665.73016,0.7900129,919.66113,601.084,0.8694356,887.2986,608.54736,0.4500733,1032.5687,520.73145,1.0076988,866.0145,709.42456,0.5208508,1111.7554,541.5464,0.93317115,871.765,759.4125,0.58898395,958.2262,428.94708,0.8226086,930.30774,434.5454,0.48783332,1050.0226,578.1412,0.933638,973.3971,539.9304,0.30661824,1146.4604,443.2583,0.92308295,1002.52625,517.84143,0.35787082
905.8933,702.8801,0.90507114,889.3375,705.65186,0.90717,892.7471,709.8711,0.797083,866.9551,672.9988,0.91882306,857.70544,670.1023,0.7627703,896.7634,614.8911,0.9371954,872.53516,631.405,0.56607753,1032.7041,591.7799,1.0087439,818.056,686.8999,0.6209563,1089.6075,654.96045,0.99316347,774.4957,726.6824,0.7678216,977.63293,460.24753,0.83723855,954.8082,467.38303,0.62890804,1037.6757,629.4282,0.8222065,1038.2532,623.31335,0.41981417,1180.4734,568.256,0.7294711,1173.0107,567.854,0.43925917
872.64825,714.5591,0.954067,856.0837,712.0869,0.9647733,857.03424,718.52246,0.81669235,840.1894,680.51196,0.98380506,820.77875,672.95056,0.6969688,886.8118,634.6775,0.9263744,849.53424,626.32166,0.65392566,1001.56464,662.2615,0.92228585,784.836,675.0322,0.6301067,1029.9983,744.11304,0.98627424,734.185,677.75037,0.7747603,996.8348,501.33472,0.88948464,977.675,491.2083,0.68861365,1026.6135,667.0486,0.82071686,1007.92096,656.71436,0.65927315,1180.6426,707.94446,0.94354296,1161.4331,698.66174,0.55979645
843.834,728.46936,0.9357723,829.86255,721.8822,0.9591443,829.4293,728.8827,0.85163397,831.9143,682.85205,0.9991635,827.51245,672.959,0.56975484,878.08325,650.6979,0.8930162,866.59424,632.0574,0.60819757,998.8811,725.9326,0.9272655,978.5138,657.79236,0.9951845,963.4597,798.23047,0.9865982,974.16516,731.31335,0.8747174,1022.2042,546.8252,0.8168335,1010.10754,541.2406,0.59084916,1020.7163,729.5989,0.8921894,1012.7721,714.6449,0.5510663,1127.9407,840.3192,0.8964102,1121.0162,826.031,0.60381544
823.1288,741.3296,0.9180542,812.0382,731.1582,0.94396174,810.499,736.6195,0.83817875,824.7644,694.5056,0.98294616,823.79364,683.2042,0.601382,878.7595,673.6753,0.7969632,872.92126,648.7561,0.6257491,965.808,774.64685,0.97713006,972.13696,706.58105,0.9753294,911.7206,818.3508,0.8795085,929.2875,773.40015,0.9239532,1045.1527,605.91187,0.7866045,1037.7863,595.3904,0.55334115,1011.744,784.89233,0.90939605,1012.7123,771.1234,0.65025926,1061.3496,930.7422,0.91840446,1055.7607,908.2047,0.7608441
813.27466,747.2987,0.9413676,805.8821,736.64404,0.95330036,801.47156,741.572,0.88492835,828.13855,702.96643,0.93752515,828.5166,684.30835,0.56915367,886.18115,691.3887,0.8460332,886.4757,665.77637,0.74040556,936.9409,812.7877,0.9141183,953.9519,746.3025,0.8430767,866.0895,833.54395,0.9034946,903.7063,795.61926,0.85889304,1064.1427,663.4082,0.7873161,1061.7218,644.5249,0.60744154,963.04846,796.96106,0.8693672,965.3949,779.09216,0.7445711,1058.3508,927.6498,0.9529595,1052.6731,905.3898,0.78283167
817.62213,754.13184,0.9316901,809.4129,741.7462,0.9835834,806.1309,745.87585,0.86257553,835.27057,712.49634,0.9583539,837.8575,701.8444,0.5802259,893.73395,702.4226,0.8907268,894.6232,678.2023,0.7537144,922.50055,831.74817,0.9373225,953.8947,758.9431,0.46361387,847.6955,838.1189,0.9454529,894.736,806.90845,0.98631227,1072.3794,701.907,0.75267184,1074.8591,683.19617,0.5926251,944.5562,807.14197,0.90908813,947.16364,782.82324,0.73296005,1053.4875,922.79675,0.9137042,1047.6476,905.49646,0.7707715
711.5109,347.43927,0.8840209,718.2972,329.96356,0.8852767,711.64374,331.06055,0.89280117,747.98175,326.529,0.8443557,753.4611,323.65753,0.7601824,787.0911,377.25873,0.9662025,788.18195,383.0406,0.8849019,685.0993,289.7564,0.93559074,688.1611,287.61432,0.67934376,617.5252,184.36462,0.9121059,620.5252,192.02802,0.8816264,881.98334,596.5534,0.9251443,875.55145,593.8028,0.8595841,852.2298,790.6663,0.9548578,852.5871,782.64874,0.91640735,859.8702,971.9859,0.9620594,861.7923,954.2132,0.85784525
711.8402,347.7954,0.88713384,718.7258,330.5761,0.8918042,711.9098,331.54462,0.8926933,748.90674,327.40204,0.84153056,753.7728,324.5243,0.7612686,787.0852,377.42383,0.96441025,788.5834,383.20898,0.8838776,685.5519,290.34766,0.93512464,688.4689,288.719,0.6800394,617.619,184.69244,0.90928876,620.5973,192.14539,0.8789364,881.9574,596.6107,0.9238099,875.65967,593.9918,0.8601636,852.3096,790.5149,0.9555025,852.6653,782.6301,0.91748834,859.88916,971.93945,0.962983,861.9457,954.0437,0.85769874
701.2151,363.4873,0.89338475,706.6825,350.76416,0.90677094,701.56335,350.72418,0.8595141,737.62146,348.57465,1.0136672,744.50964,342.5346,0.8170046,784.59045,402.59857,0.9280708,791.0342,397.01392,0.8500933,664.1846,335.031,0.8425736,662.7102,332.92102,0.81243587,570.8114,248.15155,0.95734733,573.2351,253.28699,0.8756182,897.1638,608.062,0.9693936,893.8733,602.44336,0.83740634,860.0138,794.6079,0.973724,859.8264,787.4651,0.8857616,864.9761,977.7471,0.99178493,861.1085,963.94824,0.9211514
688.8303,390.28836,0.9072726,693.416,377.1483,0.9272646,688.9894,376.01047,0.89118624,727.47656,375.76572,1.0358117,738.7676,370.51608,0.7658257,773.76025,427.08633,0.9356965,791.15686,420.2416,0.87032783,641.90247,386.25467,0.8377538,646.9966,387.5071,0.48127738,533.1207,327.2034,0.93536377,540.152,333.75308,0.58150005,911.13574,614.3539,0.88939655,911.52185,609.2395,0.8247212,862.96497,798.90576,0.9712956,864.42236,794.26526,0.9019551,871.72534,986.4226,0.938083,867.06067,972.10034,0.93148375
681.7686,418.3306,0.94026977,686.9798,404.6901,0.96999085,682.61725,403.66855,0.89325947,725.09015,407.01425,1.0266926,733.70807,401.18784,0.79582584,771.783,457.7546,0.86704683,789.05585,446.95834,0.8345002,630.8947,447.12192,0.8649589,628.0505,447.74753,0.67438996,511.86926,428.94424,0.87436557,517.12787,427.54105,0.82810843,926.4664,627.18665,0.90874773,928.52594,621.8845,0.7951666,866.7255,802.97546,0.98344076,871.41095,798.5851,0.92728186,877.26874,994.0077,0.9726398,872.1153,975.827,0.94512737
679.47455,452.26297,0.99397457,684.31024,436.97556,0.9926306,679.9897,437.80423,0.915958,720.91266,435.82242,0.9603032,732.5568,431.62967,0.7425277,774.28876,489.32333,0.88314736,783.12665,485.34586,0.849018,635.9687,520.1089,0.904114,689.3781,530.02844,0.5975676,517.54755,531.194,0.94998825,523.87915,539.0022,0.49911416,941.9134,640.40625,0.9200847,933.2861,638.2899,0.80539834,868.4692,809.1393,0.94854724,866.65875,802.7976,0.9031249,881.15594,1000.5548,0.98082846,878.4628,982.0027,0.9347731
674.095,480.69666,0.9561972,678.25525,465.06396,1.0104547,673.85754,466.15985,0.8788924,715.2345,465.4367,0.9822493,726.25354,462.81055,0.7626767,771.75574,516.71497,0.89207566,786.5155,499.38263,0.8905338,663.6837,588.40735,0.9235542,879.8452,534.2914,0.37026054,549.3264,637.9418,0.98596036,566.91174,637.8949,0.27843475,948.6727,649.3762,0.91800904,934.4175,646.5371,0.7814719,868.5504,819.54736,0.94542265,855.6638,806.91174,0.91852957,886.17395,1005.8772,0.9586704,877.94495,982.9613,0.938539
669.2533,506.5496,0.9716307,671.913,490.67276,0.9874705,668.3278,491.06277,0.87282956,708.08203,492.27316,1.0284455,718.76526,487.76755,0.7375262,767.547,543.22485,0.88122904,773.21204,524.83606,0.817973,686.36383,654.7103,0.95373297,690.61725,650.7632,0.63173664,610.79535,740.25073,0.92393893,616.16846,736.8086,0.6908847,952.5801,656.90564,0.8674196,935.31226,652.2645,0.7266933,863.96387,821.2352,0.97975576,857.15344,810.7103,0.93298304,886.85913,1007.1742,0.98275304,875.9922,986.38367,0.914179
658.88324,524.1079,0.9642607,663.1904,510.1664,0.98026913,659.0973,510.2562,0.89284754,700.38104,513.20667,0.9873328,711.49054,507.73984,0.76294464,760.4885,571.06067,0.8920844,766.5465,538.631,0.7900819,734.94293,708.0188,0.95051825,734.0564,694.4209,0.6207505,705.4783,812.89685,0.9728806,711.48083,806.1576,0.33812445,952.7262,660.10474,0.8084739,933.25366,655.7135,0.68191504,861.8489,821.41785,0.93760234,852.67126,811.3895,0.9401071,885.50586,1006.27075,0.96583676,874.3364,985.1078,0.9399457
644.85657,542.3849,0.95315355,649.3581,527.81775,1.0148505,645.2853,528.1574,0.87854725,685.82715,530.2896,0.9989693,697.51483,524.2941,0.7296995,755.04987,589.65314,0.866261,759.67523,555.25684,0.74139154,794.5893,721.9968,0.97437966,795.1558,715.4697,0.38235384,815.5063,824.4481,0.9329167,817.7,815.0294,0.29586214,951.8693,657.6327,0.8091605,930.48517,651.5718,0.6709691,860.769,825.0946,0.9584216,846.5903,813.69495,0.9367791,882.9798,1006.66895,0.9168513,870.75385,986.0388,0.99028873
634.32263,559.45105,0.93276644,637.8414,545.0619,0.9770968,634.4561,545.4152,0.87262136,672.7626,547.601,0.9607347,684.7228,541.29407,0.6536033,753.26965,607.44336,0.87739545,754.0292,572.3244,0.71756685,842.9059,707.25195,0.9776856,850.4192,681.3332,0.50095546,921.4662,787.3511,0.9573271,918.93787,763.51086,0.34586853,949.2346,655.98663,0.80921125,938.1094,645.5917,0.60542035,858.1134,816.49194,0.94548625,854.7942,803.048,0.87485015,878.82825,1004.6765,0.92282,869.4132,981.95105,0.96968555
627.9452,580.75616,0.92725897,632.7141,566.7527,0.9899218,628.7485,566.9637,0.82539654,667.959,571.2469,0.99633896,681.4185,565.38947,0.66101956,750.26135,621.9597,0.9103836,748.53876,596.23285,0.7744081,869.67505,665.8201,0.93031746,869.3887,629.8299,0.39614546,976.3352,700.57855,0.9144578,983.2317,682.4002,0.4771496,942.33545,647.15924,0.69357616,937.85974,636.71747,0.6379852,863.43677,815.13995,0.9641892,856.5305,806.56024,0.8645156,874.9282,999.2563,0.9440372,865.8147,978.71405,0.8893064
627.36896,598.19916,0.9525299,633.065,585.2787,0.9878711,630.00397,585.34216,0.8707547,665.8664,590.40204,0.9720092,675.2265,585.3813,0.6472174,750.42993,631.73413,0.901049,741.014,607.9678,0.7552107,884.22766,619.1459,0.92102706,874.15027,586.1544,0.76854825,985.1234,594.1159,0.95398223,956.9075,560.3117,0.8818231,949.77124,658.1095,0.85598266,923.85315,653.0378,0.6816972,867.71826,816.5047,0.9434626,854.61316,805.96735,0.9281829,873.9304,997.85675,0.9148679,861.8992,977.07965,0.95928967
633.8812,613.64526,0.95092,638.47144,601.2132,0.9721498,634.80365,600.4806,0.8444619,672.0116,605.52997,0.97577846,688.299,595.6812,0.66596246,749.38403,635.67316,0.8884852,745.00037,611.51245,0.74250853,855.47656,576.13135,0.8499522,850.1472,556.9877,0.8587543,936.8696,506.943,0.93926257,924.9796,491.54846,0.9477404,953.1481,647.62756,0.81487644,933.8817,641.22595,0.6988658,870.1697,812.09827,0.9254029,854.85,801.17017,0.93441844,872.00903,993.2959,0.9451907,859.7894,971.1428,0.9730085
637.084,621.5534,0.9353342,640.5553,608.94684,0.9917684,637.5242,608.0667,0.8868468,676.9448,613.9277,1.0156941,693.35474,600.8184,0.7030329,751.485,632.63116,0.8616116,749.78784,619.0964,0.8029177,829.40845,543.1729,0.9177855,826.07764,547.76996,0.612869,878.13806,451.1228,0.9609723,877.80286,450.01996,0.8098355,958.4098,651.0634,0.8263214,937.5182,651.07477,0.7022768,867.7002,812.94684,0.93217933,852.8059,799.5815,0.9667781,867.3425,991.1989,0.94388056,859.64966,970.5837,0.92030495
644.99335,619.26074,0.9348837,648.18994,605.32776,0.9721906,645.5361,605.1415,0.8687252,682.5346,608.23145,1.0260513,702.39215,592.8131,0.6740122,752.69336,635.3904,0.85854185,761.43994,606.40906,0.7743535,811.7623,532.91846,0.9772456,823.44385,524.87756,0.76607585,833.6758,430.62326,1.0151786,850.3639,433.11734,0.9499339,960.97546,653.9935,0.83306617,948.42957,645.74316,0.7034651,863.8303,808.4833,0.9201019,852.12476,798.3229,0.93470603,863.8646,988.8613,0.9257095,858.15186,967.6295,0.884318
647.64136,612.2184,0.97330207,653.303,599.944,0.9944298,649.0596,599.20154,0.88490176,692.50793,605.6465,0.99002755,707.699,592.8296,0.67012227,754.6907,634.38525,0.8620081,760.9498,606.07166,0.770438,815.97815,536.4487,1.0239724,827.71814,527.0802,0.7955229,843.0831,430.03812,0.93401104,850.8463,434.76895,0.9566477,964.89453,655.9668,0.85874546,951.24963,647.1902,0.6949259,861.58997,805.78894,0.90973413,851.03723,796.2583,0.9312284,863.60315,988.21497,0.9408194,858.42126,965.84705,0.8940139
648.33704,594.2077,0.96983343,655.1053,582.61273,0.98312926,651.42206,581.9494,0.8879692,690.7882,593.15814,0.96016014,701.75696,587.9537,0.73175436,755.3028,627.8233,0.8478253,759.13556,610.2138,0.80014753,839.86017,541.2384,0.9091761,841.26337,541.6979,0.5832843,892.7928,446.3,0.9195673,901.8315,446.3006,0.89846253,961.9733,655.2292,0.84795034,945.78973,650.7043,0.6689451,859.99457,806.55914,0.95090264,849.5954,796.08405,0.9339138,861.815,987.8664,0.92364657,856.16046,966.1539,0.9041697
650.3328,572.76733,0.9155797,658.3038,562.5746,0.96870124,653.7668,561.31055,0.8522118,693.07526,575.4613,0.98400074,708.9496,567.59094,0.66063416,760.3956,618.3622,0.92595065,764.0757,595.0305,0.7947991,866.46094,564.4619,0.9139136,866.14856,556.04065,0.7981889,963.3684,490.40775,0.9448581,960.8528,490.40396,0.81037295,961.5842,658.33044,0.8202412,944.94006,649.4313,0.66856045,856.5492,807.6443,0.89645886,845.7699,795.9027,0.94131213,860.6582,989.7462,0.9384774,853.4442,965.96765,0.95944744
653.96954,548.2438,0.9460011,661.90656,536.7389,0.9966688,658.8005,535.9552,0.85586673,695.66754,549.9414,0.9968076,713.86017,543.2666,0.5967704,768.0937,599.72205,0.9346793,769.035,579.46045,0.7620639,895.4465,597.03015,0.87306845,901.4405,578.69775,0.6620234,1013.4963,585.80225,0.9140465,1008.02435,572.1188,0.927554,959.13934,660.3546,0.8497356,945.0705,653.1212,0.7024988,848.0285,805.4696,0.97547674,839.15326,793.98035,0.9092701,857.2967,984.94617,0.926406,850.46747,964.37976,0.85876584
669.2147,514.32416,0.94443345,675.9186,502.42688,0.98233104,673.37866,501.4701,0.862509,706.6698,514.9418,1.004281,728.06824,507.76947,0.672086,774.79224,577.04584,0.9198991,780.66016,553.26624,0.8204739,890.0421,644.7017,0.9096621,899.61304,603.4951,0.76542914,996.6698,712.2259,0.8611752,996.83496,675.42413,0.87007844,952.8071,660.2562,0.71846354,950.2273,646.0672,0.7139095,836.9596,805.867,0.91235083,828.60376,792.9714,0.9243989,855.1305,986.4609,0.9429727,844.4586,962.7692,0.9480424
686.2643,478.40454,0.9718877,693.72546,466.45953,0.9910701,689.3721,465.6643,0.8921727,730.06494,479.40686,0.98226297,740.3773,476.719,0.7025811,791.1056,555.768,0.93715465,793.9679,526.17725,0.792503,851.13525,687.80884,1.0043538,865.4895,650.8467,0.40310028,887.5023,799.6233,0.9721931,876.9817,694.75476,0.3451742,950.28613,674.65027,0.8514727,931.9049,664.61145,0.70023346,822.90247,808.6649,0.8887744,817.56775,794.3782,0.8895403,849.9723,988.6183,0.9465816,837.7716,964.31445,0.9098035
717.8307,455.73956,0.99566245,725.3053,443.7779,0.99094915,721.26245,443.30878,0.89990705,763.1122,454.03278,1.0154693,774.21204,451.47845,0.7033612,812.19666,538.6341,0.8965773,827.36975,509.3794,0.79610443,779.6864,679.8717,1.0179545,787.0978,660.4564,0.40480182,728.2926,774.4248,0.95051706,734.95496,747.6278,0.51651955,945.1461,691.7229,0.86756694,928.55676,681.2649,0.74016625,806.1588,815.93384,0.9691893,799.0952,794.8391,0.9006616,843.4818,988.1997,0.9640028,831.32056,964.2761,0.9391403
756.0324,443.4344,0.9738688,763.16376,431.80048,0.97474086,759.055,431.19342,0.8861555,798.8277,440.5818,0.9590689,808.57025,439.34418,0.72774583,827.42914,530.0654,0.8800434,849.50836,510.23224,0.7394296,722.60016,613.19574,0.8896028,737.89044,597.0562,0.88100344,612.0566,654.1058,0.89696276,629.46747,628.2204,0.89786637,931.45746,706.748,0.8873913,923.9091,695.2015,0.74991286,784.42645,820.0616,0.97407347,784.133,801.8414,0.8866005,835.1121,989.63007,0.98612463,823.8835,965.0628,0.95370185
784.0838,429.18,0.9847472,794.7011,417.98022,0.9783555,790.3221,416.39307,0.91054744,830.35785,436.0381,0.97426593,835.5916,434.427,0.76429075,836.2531,511.0135,0.85521305,847.4716,498.50592,0.80104303,700.153,520.3046,0.8783753,713.0046,507.75256,0.8947984,590.3766,475.93286,0.9252869,612.04553,464.35205,0.99342585,917.18256,718.0481,0.861941,903.9672,704.5038,0.76277936,763.2736,826.4501,0.95294356,765.7647,805.7201,0.8994467,826.69403,992.7803,0.99667895,814.2177,966.04895,0.94833004
808.91223,405.4544,0.9161056,821.47473,398.8866,0.9674779,816.301,395.40997,0.924604,854.7742,426.71295,0.96938765,855.3485,422.79083,0.7434027,848.6821,492.8011,0.9024875,851.14307,483.09033,0.87442267,730.4403,425.69073,0.93928224,744.4387,416.77588,0.9529303,665.8595,325.35126,0.9407551,683.6321,326.66125,0.98875034,899.6,713.43,0.89058816,889.1676,702.1735,0.8000608,747.48315,830.34796,0.96241057,752.74866,805.11285,0.8624829,816.5846,994.0275,0.96434104,805.80066,961.1983,0.9194112
840.6632,371.87976,1.005287,852.44556,368.08002,1.0173795,848.3861,361.93207,0.8768261,873.30066,402.53778,1.0256151,879.6743,399.4787,0.7464945,859.80237,455.5548,0.9140508,868.46436,449.1562,0.84940875,791.75037,343.56506,0.9497868,804.22656,345.19183,0.9652817,799.80115,233.14484,0.919214,804.8323,236.85956,0.9452343,876.9531,686.99457,0.9367192,865.7693,677.07184,0.83866566,736.8502,823.5378,0.9272121,739.5603,803.7419,0.869351,804.2954,989.0474,0.99061704,795.56287,955.134,0.77691406
885.38135,327.27795,0.8196677,896.46765,325.30157,0.91919965,892.09485,321.0924,0.8175694,903.9961,359.30853,0.97767866,910.21484,362.24432,0.7170645,881.80237,412.35138,0.9301567,890.55835,416.3781,0.851,866.4811,290.4666,0.9382641,882.92786,304.44525,0.8532139,925.79126,199.08527,0.96943355,924.2523,229.05084,0.907133,849.683,646.43353,0.9461763,840.4651,638.9521,0.8464659,733.21045,805.3344,1.0270164,732.8706,794.2918,0.913118,790.47375,976.94037,0.97182083,780.1388,959.89996,0.9560467
923.97595,302.7849,0.87282294,937.556,299.75464,0.9061625,932.9606,295.78918,0.76187,943.4828,333.8899,0.93443257,957.0492,343.04297,0.7324685,911.82947,385.508,0.9271898,916.42993,390.69177,0.8183523,933.62415,262.29822,0.9210268,935.8019,263.30103,0.8554629,1008.7484,210.40363,0.95369357,994.2173,218.67566,0.6315428,818.26746,588.5039,0.9056515,817.98035,583.71826,0.84691775,740.0657,775.9059,1.0024252,739.5029,763.58215,0.86258507,761.8679,955.0668,0.95890296,765.9723,931.3873,0.7697481
971.708,294.7409,0.7938696,988.1919,295.8155,0.8444863,988.7865,292.66492,0.65310913,980.95166,328.1781,0.9200102,1008.4972,355.12854,0.7567506,935.44214,368.29028,0.8428818,951.30383,393.057,0.8451264,987.9324,261.79968,1.0019844,951.0209,455.41113,0.5513543,1078.5552,210.16675,0.986571,957.0719,458.802,0.68297464,806.3506,542.4983,0.9143333,817.3425,540.94556,0.78674614,721.6885,725.29614,0.9490074,729.1017,714.2627,0.8794557,751.47253,906.90295,0.94237524,753.5115,883.6511,0.7670734
1029.4803,284.4714,0.7643647,1040.9645,293.3102,0.81674695,1044.0011,286.84116,0.70165294,1017.8706,338.04416,1.0216458,1024.9376,353.5225,0.5385589,960.6172,360.5508,0.89378285,964.9507,379.5908,0.8501067,1018.5685,260.3809,0.91654557,1006.5416,272.19748,0.26545405,1110.6317,212.3281,0.95583665,983.8436,420.9341,0.17761934,810.16113,512.66565,0.86111796,821.8014,512.7439,0.79101723,680.66064,674.34546,0.93790936,704.9901,667.6853,0.8950943,741.7759,844.29114,0.9400251,752.3981,820.74634,0.9956694
1053.7612,300.16382,0.8588135,1063.4697,313.42834,0.9558536,1068.8462,307.78607,0.8132248,1042.208,355.51416,0.90182006,1048.854,366.0735,0.5940908,978.5821,356.34302,0.88772166,985.0953,385.84033,0.75859475,1024.4824,253.27246,0.9442408,1021.6905,279.18896,0.41111532,1124.2449,196.8169,0.94424415,1027.4932,282.3933,0.21449111,822.3735,501.26752,0.9104843,832.09174,501.82886,0.85618734,645.9975,606.0073,0.9322505,671.0787,600.67334,0.935078,727.7789,760.36487,0.944898,742.50336,740.3528,0.9269526
1091.4316,325.32605,0.91088676,1099.4452,340.74622,0.87471426,1105.7242,331.88794,0.83399034,1063.6033,375.3794,0.9187364,1064.2345,386.3363,0.6045493,991.7821,364.44495,0.9448813,1003.20325,382.26697,0.755167,1016.8097,252.99194,0.9663808,1010.6461,274.2434,0.58160985,1108.1134,176.45251,0.94686484,1017.44104,278.3064,0.4410382,828.53723,502.97662,0.91978884,838.26526,500.77118,0.7966609,630.08704,520.40137,0.9234044,664.47205,524.5842,0.88002837,706.9498,677.87976,0.93009204,721.0751,663.28613,0.95593
1077.8103,350.81744,0.82288826,1088.9175,365.3388,0.89593303,1092.4626,355.8451,0.83242244,1071.7632,395.0196,0.89134955,1078.1287,391.86664,0.602094,1004.0341,392.2802,0.8875995,992.9776,389.2458,0.7723578,993.57855,270.2259,1.0522193,978.6879,281.68665,0.583748,1066.2097,163.44086,0.9874098,986.9194,299.56097,0.19647425,827.73395,507.10687,0.9063179,835.89325,503.7752,0.75617886,653.02155,428.42804,0.9073014,672.5462,431.31952,0.85895276,679.2144,602.9013,0.9437603,691.4089,596.70746,0.9434768
1065.5393,381.63586,0.9172461,1083.3306,392.68445,0.93159103,1082.7524,381.20654,0.89805657,1080.9569,431.96143,0.926069,1078.7927,412.16858,0.5800823,1010.08984,419.52954,0.90181303,1013.5813,434.01257,0.769696,971.33765,295.886,1.0397024,934.8937,406.52527,0.8937697,1007.8425,171.51855,0.9732666,921.9717,347.55347,1.0129223,825.6228,499.04626,0.93075407,836.70166,501.57214,0.7761737,702.64465,353.2495,0.9394576,714.12036,368.98242,0.8474517,648.3092,522.921,0.9942825,658.5342,524.9789,0.9182075
1099.8528,410.15192,0.9194194,1111.0444,425.7074,0.96537066,1113.5007,414.41858,0.89965546,1093.1372,465.964,0.93201303,1096.0762,442.21124,0.5553123,1017.5921,446.6388,0.9127073,1019.06366,455.85486,0.73872364,941.5064,328.8098,0.951212,915.4296,424.0031,1.0421424,946.8592,203.41272,0.96793467,887.2059,337.15814,1.004782,828.86285,494.7035,0.94415355,845.69196,493.0542,0.79077494,772.83795,312.93335,0.99284744,780.26654,318.90936,0.74199617,640.61163,426.61023,0.9622489,648.64886,425.5487,0.7829425
1061.0713,463.01517,0.9205297,1074.1865,479.58096,0.9422165,1078.6208,463.85306,0.92917705,1060.5728,509.05606,0.84552205,1072.948,478.02847,0.53325963,1001.17377,474.77335,0.8909898,1005.4216,500.3367,0.6613836,919.43256,364.9247,0.9064295,902.44354,436.30154,0.95116735,896.53046,241.76059,0.9965386,865.0372,346.30777,0.7091149,823.47906,480.3881,0.9104998,835.7662,493.05765,0.64296794,841.5379,295.93814,0.93304515,840.8497,295.34378,0.90675175,666.70905,340.4332,0.8558301,671.6314,337.41446,0.7853776
1062.7605,488.2641,0.85601693,1069.4192,499.39917,0.9459739,1074.6306,493.64355,0.76602054,1047.9922,532.3682,0.9106542,1044.2688,544.3851,0.55408883,982.02704,507.29254,0.88609874,988.3958,531.72345,0.6533159,895.9682,389.0539,1.0446172,903.14056,460.64435,0.5851959,872.66486,280.87292,0.8498024,870.7515,292.24628,0.41108143,819.2371,471.16058,0.72754997,832.15424,484.34808,0.4684059,906.4887,297.4204,0.91163456,882.67365,311.68536,0.557249,737.33734,282.56427,0.5882485,735.3275,282.1933,0.7033402
1057.4691,534.7898,0.8651451,1060.3157,550.0001,0.8625836,1068.7256,544.8136,0.69521,1028.6263,574.4392,0.8817748,1021.3907,591.44415,0.5616758,958.2017,541.6221,0.820022,962.04315,571.04724,0.67748,885.7161,417.63647,0.90979373,896.78485,433.02734,0.34912,881.0622,306.94305,0.9211071,883.20807,306.2011,0.4041127,815.5771,446.1468,0.67613447,823.4639,470.08905,0.4749592,970.75555,341.08276,0.92703986,961.87506,342.0451,0.43484476,813.8825,258.22266,0.6087859,816.793,259.3125,0.6650703
1030.6973,587.098,0.8366216,1024.0573,601.17615,0.7618987,1036.333,599.21375,0.74363375,989.9928,616.8605,0.82551324,991.88806,641.12225,0.38444886,927.14856,579.713,0.83135843,927.0315,601.60876,0.7010337,898.0957,443.87213,0.9134404,918.2294,450.8874,0.36234662,931.95984,325.92627,0.94327164,950.944,356.67694,0.7324875,818.82654,433.95203,0.65272474,828.13513,452.9834,0.49573982,1007.0199,404.15015,0.8697889,996.42834,408.45837,0.39678225,895.0603,264.6311,0.6467223,896.70325,269.03363,0.6145256
992.67413,653.6545,0.9412624,977.79034,662.70886,0.7698015,995.35406,663.9908,0.9317815,952.28864,669.5578,0.6978736,991.4484,669.742,0.5187238,887.9047,608.7442,0.8299175,888.7121,627.96344,0.44156718,922.25055,471.28906,0.8303422,921.48785,492.84808,0.5014751,989.9438,386.64294,0.8200715,1012.84357,410.8664,0.56358886,834.74286,436.91583,0.6514237,834.8383,446.07324,0.39705586,1016.87115,479.57422,0.82336366,1006.8088,478.5819,0.57242036,988.51764,299.63654,0.7501817,998.0015,311.09668,0.49010292
939.105,704.6378,0.81941783,925.0183,709.39685,0.91363275,933.9313,718.683,0.73934567,884.5039,696.82043,0.7955027,873.0847,697.9204,0.5488306,856.93005,627.60095,0.8074902,856.00037,644.495,0.56271803,943.79565,512.8073,0.91100883,944.23035,525.6676,0.4178833,1046.8074,466.14984,0.7059115,1041.4429,491.42743,0.82385206,859.0709,448.8435,0.71523786,846.06714,456.92224,0.4820125,1012.60034,543.87366,0.9124135,1001.12463,540.6756,0.6503863,1081.35,381.5442,0.7714597,1071.825,413.59424,0.4811446
884.6421,735.1928,0.96518546,869.0514,737.0772,0.93130064,872.38257,747.30853,0.8361271,831.1544,714.99457,0.8367064,814.50183,720.0949,0.56143206,836.62524,646.382,0.8656993,813.0471,655.22076,0.5274532,957.73865,587.5544,0.9714017,960.57117,587.20197,0.34197643,1064.9332,598.5993,0.9681606,1059.6434,601.99493,0.45235187,877.42053,470.70148,0.8554646,856.5386,476.79633,0.6039171,1003.76807,615.41583,0.83286303,995.234,593.36115,0.76331425,1156.1982,527.5651,0.92249537,1142.8905,530.98004,0.5404668
834.3899,764.08606,0.847244,817.54004,764.9066,0.91385007,820.8832,772.91797,0.8402499,791.0311,727.3733,0.9706148,780.1074,726.0751,0.5767817,819.87463,667.3158,0.91258395,803.2495,658.40125,0.67843676,951.23987,653.5635,1.0062135,932.0631,621.4031,0.6547343,1035.6923,714.41394,0.9647278,1005.0438,695.6113,0.8160404,894.40295,500.11996,0.844489,882.1593,494.18527,0.6678015,1002.2943,647.39795,0.917029,986.6134,637.6781,0.5224235,1176.7828,686.374,0.9625397,1158.58,671.04517,0.3432185
789.13745,785.94086,0.9439323,772.36316,779.55023,0.9326724,772.96375,790.93744,0.8849578,757.78235,734.5527,0.88220584,749.9414,737.3996,0.52989095,805.735,692.0777,0.9826586,797.64514,682.05133,0.6422229,932.2495,720.02716,0.8276398,933.8236,668.40643,0.8317121,972.3624,801.61444,0.8604724,953.51746,762.2618,0.6024471,914.52844,540.0928,0.85874885,906.0913,533.16113,0.7083611,997.78186,701.8743,1.0091507,969.43677,682.20795,0.4559511,1124.3872,829.26215,0.983374,1110.5332,798.7691,0.2964693
762.7278,799.6046,0.9063812,746.5643,792.73694,0.9377557,746.88763,801.98987,0.85917497,742.0891,745.8811,0.8216841,737.7759,731.7283,0.57303464,802.4982,721.40015,0.8366103,794.9622,695.15393,0.5639229,908.2918,785.71875,0.88519484,921.2214,707.7118,0.96733075,904.7211,874.68555,0.84645426,902.6656,812.53,0.86677885,943.3284,590.5774,0.776375,950.88007,572.06335,0.6170654,982.2037,781.96875,0.8903912,989.23395,762.71484,0.89987665,1057.3933,934.8877,0.8840562,1059.0691,908.72424,0.9885522
745.3871,810.33545,0.8965209,730.3463,801.68604,0.93094623,728.83923,810.3762,0.87864697,732.25525,763.3242,0.8779044,728.3755,738.35034,0.5368867,794.0571,740.5698,0.8934662,793.7052,701.6941,0.7542964,882.8688,845.0853,0.907419,908.21094,751.54126,0.9743227,838.9165,904.24585,0.91830385,866.2921,831.2942,0.95599884,974.4132,654.7825,0.81252515,978.98645,633.97327,0.7043203,946.505,844.6041,0.9880967,962.7372,829.44116,0.84022486,1031.2552,993.69226,0.91009986,1036.0183,968.9624,0.90884066
731.6167,814.73303,0.9364495,718.57434,806.07117,0.9602739,717.45605,810.6947,0.87310624,727.31006,776.5177,0.92891437,731.8977,752.1304,0.6225969,798.63464,756.3069,0.84711343,806.25305,717.7207,0.68912,855.6378,884.56396,0.98870087,899.0847,784.03796,0.79763585,790.589,919.5531,0.9405579,844.0432,856.4596,0.8311646,989.39355,702.4053,0.7979022,1001.82275,680.35547,0.6856396,896.479,860.0547,0.8634497,915.4319,846.8406,0.79860914,1014.499,983.8767,0.9247519,1025.6716,966.69385,0.9255538
730.806,815.2228,0.95296276,720.0637,806.08374,0.9620794,717.9772,810.5502,0.8565655,731.4315,779.6338,0.8689832,741.4468,747.2374,0.651296,806.0831,766.42175,0.89542365,807.6317,728.62915,0.804157,840.1395,903.9188,0.9463149,861.7898,807.1798,0.25205645,769.3523,922.2932,1.0077028,833.6605,868.3677,0.80989325,993.4037,733.0846,0.80429125,1009.021,708.2584,0.73324883,874.71436,868.10095,0.9518573,904.18713,854.4752,0.7643503,1004.77454,979.83484,0.88481,1019.77356,964.7589,0.9163338
729.753,815.9592,0.9773127,721.0426,803.8921,0.9890396,717.31244,808.9407,0.9104301,741.70087,772.13965,0.92264104,747.27985,752.82007,0.65865546,804.1807,771.9127,0.8401791,807.9704,730.0786,0.7879039,844.2409,903.4823,0.984252,865.6618,849.9906,0.26901394,776.2724,923.7908,0.9811837,838.2878,873.84216,0.15869316,994.9649,747.76086,0.81186265,1010.17865,724.36304,0.7092515,869.05536,872.14905,0.84621835,896.1088,858.4321,0.77757525,994.1054,978.31384,0.9048978,1013.6766,962.615,0.9368715
729.369,811.90405,0.9555962,720.9121,802.45215,0.9527942,718.88245,806.9032,0.8508395,738.97437,771.667,0.92089176,744.91785,751.2582,0.57728827,804.6903,773.12756,0.82315207,810.9944,724.5713,0.75150263,856.64026,894.004,0.9446107,876.02954,862.2191,0.22933197,788.56433,927.0603,0.975973,842.308,861.9971,0.29290834,991.3043,752.2196,0.7504688,1006.3495,726.04785,0.6672216,869.3605,873.43176,0.72989017,892.8236,858.9169,0.75646,986.806,975.7605,0.91669685,1007.0637,961.5775,0.8962525
725.57764,805.8558,0.9620492,716.0901,794.76605,0.95943767,714.38257,800.3671,0.8768145,729.35974,765.2619,0.9113053,734.755,745.7768,0.57732165,804.1731,767.68524,0.81722736,809.69055,719.6264,0.73091245,869.615,882.00116,0.9880419,900.35156,775.19806,0.40587068,814.62537,929.2773,0.9878848,851.41895,864.4727,0.5789897,986.0515,748.8029,0.7303358,1002.75757,724.8686,0.6799116,859.182,866.7509,0.68777746,890.9164,855.6761,0.7134478,980.36975,976.7613,0.8727973,999.06714,959.7747,0.863665
